day,macro_store,region,subregion,total_streams,total_revenue,total_downloads,total_products
2022-01-01,amazon,Oceania,Australia and New Zealand,"221,0","0,982536","0,0",45
2022-01-01,facebook,Oceania,Australia and New Zealand,"905,0","3,3615","0,0",88
2022-01-01,spotify,Oceania,Australia and New Zealand,"32312,0","63,961677000000016","0,0",809
2022-01-01,tiktok,Oceania,Australia and New Zealand,"60,0","0,048712500000000006","0,0",18
2022-01-01,youtube,Oceania,Australia and New Zealand,"35041,0","32,5258575","0,0",502
2022-01-01,amazon,Americas,Caribbean,"25,0","0,07506650000000001","0,0",18
2022-01-01,facebook,Americas,Caribbean,"8303,0","12,853439","0,0",290
2022-01-01,spotify,Americas,Caribbean,"32638,0","24,6340965","0,0",381
2022-01-01,tiktok,Americas,Caribbean,"728,0","0,5910289999999998","0,0",57
2022-01-01,youtube,Americas,Caribbean,"28274,0","5,519526999999999","0,0",477
2022-01-01,amazon,Americas,Central America,"34380,0","36,295604499999996","0,0",1363
2022-01-01,facebook,Americas,Central America,"395514,0","150,8085175","0,0",1561
2022-01-01,spotify,Americas,Central America,"1160322,0","633,9026705000009","0,0",3014
2022-01-01,tiktok,Americas,Central America,"9555,0","7,753965","0,0",225
2022-01-01,youtube,Americas,Central America,"756016,0","217,56640850000014","0,0",3346
2022-01-01,facebook,Asia,Central Asia,"881,0","0,6895789999999999","0,0",77
2022-01-01,spotify,Asia,Central Asia,"1612,0","0,5057904999999999","0,0",81
2022-01-01,tiktok,Asia,Central Asia,"403,0","0,32717500000000005","0,0",35
2022-01-01,youtube,Asia,Central Asia,"805,0","0,1579425","0,0",2
2022-01-01,facebook,Africa,Eastern Africa,"300,0","0,14738500000000002","0,0",58
2022-01-01,spotify,Africa,Eastern Africa,"2925,0","0,8084954999999999","0,0",180
2022-01-01,tiktok,Africa,Eastern Africa,"916,0","0,7436539999999999","0,0",28
2022-01-01,youtube,Africa,Eastern Africa,"1594,0","0,165162","0,0",64
2022-01-01,amazon,Asia,Eastern Asia,"1101,0","3,8800444999999995","0,0",139
2022-01-01,facebook,Asia,Eastern Asia,"693,0","2,0831984999999995","0,0",172
2022-01-01,spotify,Asia,Eastern Asia,"15138,0","20,055518000000006","0,0",772
2022-01-01,tiktok,Asia,Eastern Asia,"130,0","0,10554150000000001","0,0",20
2022-01-01,youtube,Asia,Eastern Asia,"34157,0","100,90456700000001","0,0",793
2022-01-01,amazon,Europe,Eastern Europe,"12,0","0,018231","0,0",10
2022-01-01,facebook,Europe,Eastern Europe,"3428,0","3,291056","0,0",238
2022-01-01,spotify,Europe,Eastern Europe,"53071,0","23,466467999999992","0,0",1546
2022-01-01,tiktok,Europe,Eastern Europe,"9849,0","7,991836499999999","0,0",169
2022-01-01,youtube,Europe,Eastern Europe,"334474,0","119,84292949999997","0,0",1478
2022-01-01,facebook,Oceania,Melanesia,"19,0","0,012133999999999999","0,0",4
2022-01-01,spotify,Oceania,Melanesia,"199,0","0,08359249999999999","0,0",15
2022-01-01,tiktok,Oceania,Melanesia,"4,0","0,0032475","0,0",2
2022-01-01,youtube,Oceania,Melanesia,"25,0","0,0195735","0,0",5
2022-01-01,facebook,Oceania,Micronesia,"30,0","0,0365185","0,0",7
2022-01-01,tiktok,Oceania,Micronesia,"1,0","0,000812","0,0",1
2022-01-01,youtube,Oceania,Micronesia,"43,0","0,023538999999999997","0,0",14
2022-01-01,facebook,Africa,Middle Africa,"386,0","0,109936","0,0",11
2022-01-01,spotify,Africa,Middle Africa,"1069,0","0,14262550000000004","0,0",120
2022-01-01,tiktok,Africa,Middle Africa,"4333,0","3,517734999999999","0,0",35
2022-01-01,facebook,Africa,Northern Africa,"677,0","0,6751315","0,0",124
2022-01-01,spotify,Africa,Northern Africa,"1289,0","0,34332500000000005","0,0",193
2022-01-01,tiktok,Africa,Northern Africa,"787,0","0,638926","0,0",39
2022-01-01,youtube,Africa,Northern Africa,"19681,0","0,5928319999999999","0,0",114
2022-01-01,amazon,Americas,Northern America,"139546,0","688,0155589999999","0,0",1999
2022-01-01,facebook,Americas,Northern America,"67265,0","211,021445","0,0",1179
2022-01-01,spotify,Americas,Northern America,"504499,0","951,8660689999997","0,0",2797
2022-01-01,tiktok,Americas,Northern America,"2281,0","1,8518354999999995","0,0",197
2022-01-01,youtube,Americas,Northern America,"667140,0","1208,833561999999","0,0",3673
2022-01-01,amazon,Europe,Northern Europe,"6582,0","38,75288","0,0",406
2022-01-01,facebook,Europe,Northern Europe,"1082,0","4,332984000000001","0,0",304
2022-01-01,spotify,Europe,Northern Europe,"150247,0","361,0026715","0,0",2264
2022-01-01,tiktok,Europe,Northern Europe,"374,0","0,3036344999999999","0,0",62
2022-01-01,youtube,Europe,Northern Europe,"37366,0","63,15447200000001","0,0",1368
2022-01-01,facebook,Oceania,Polynesia,"26,0","0,0297755","0,0",7
2022-01-01,tiktok,Oceania,Polynesia,"2,0","0,001624","0,0",2
2022-01-01,youtube,Oceania,Polynesia,"40,0","0,035841","0,0",12
2022-01-01,amazon,Americas,South America,"156920,0","128,048198","0,0",2852
2022-01-01,facebook,Americas,South America,"704630,0","773,0410029999989","0,0",3097
2022-01-01,spotify,Americas,South America,"6432722,0","4027,6789865000023","0,0",8081
2022-01-01,tiktok,Americas,South America,"26564,0","20,93287599999998","0,0",869
2022-01-01,youtube,Americas,South America,"15129801,0","6100,731069500004","0,0",10082
2022-01-01,facebook,Asia,South-Eastern Asia,"7413,0","6,855581999999997","0,0",299
2022-01-01,spotify,Asia,South-Eastern Asia,"16502,0","8,771535999999998","0,0",761
2022-01-01,tiktok,Asia,South-Eastern Asia,"4943,0","4,011691499999998","0,0",249
2022-01-01,youtube,Asia,South-Eastern Asia,"208642,0","17,022057","0,0",553
2022-01-01,facebook,Africa,Southern Africa,"671,0","0,5851235","0,0",61
2022-01-01,spotify,Africa,Southern Africa,"2029,0","0,7654890000000001","0,0",184
2022-01-01,tiktok,Africa,Southern Africa,"1785,0","1,448336","0,0",18
2022-01-01,youtube,Africa,Southern Africa,"3831,0","1,6768105000000002","0,0",198
2022-01-01,facebook,Asia,Southern Asia,"1770,0","0,7577679999999999","0,0",167
2022-01-01,spotify,Asia,Southern Asia,"7988,0","3,317883","0,0",352
2022-01-01,tiktok,Asia,Southern Asia,"6042,0","4,905180499999999","0,0",30
2022-01-01,youtube,Asia,Southern Asia,"22644,0","3,5131640000000006","0,0",357
2022-01-01,amazon,Europe,Southern Europe,"10554,0","20,6749535","0,0",546
2022-01-01,facebook,Europe,Southern Europe,"24416,0","60,593260499999985","0,0",934
2022-01-01,spotify,Europe,Southern Europe,"363918,0","317,9514420000001","0,0",2658
2022-01-01,tiktok,Europe,Southern Europe,"6342,0","5,148739499999998","0,0",139
2022-01-01,youtube,Europe,Southern Europe,"140866,0","68,21130550000001","0,0",1914
2022-01-01,facebook,Africa,Western Africa,"1155,0","0,7684745","0,0",147
2022-01-01,spotify,Africa,Western Africa,"13965,0","3,4452719999999997","0,0",185
2022-01-01,tiktok,Africa,Western Africa,"57408,0","46,6040915","0,0",59
2022-01-01,youtube,Africa,Western Africa,"6235,0","3,1531085","0,0",97
2022-01-01,facebook,Asia,Western Asia,"18001,0","11,450506499999998","0,0",282
2022-01-01,spotify,Asia,Western Asia,"27538,0","11,087646000000003","0,0",797
2022-01-01,tiktok,Asia,Western Asia,"2997,0","2,4331115000000003","0,0",109
2022-01-01,youtube,Asia,Western Asia,"41682,0","10,984494999999999","0,0",677
2022-01-01,amazon,Europe,Western Europe,"3732,0","13,547845000000002","0,0",496
2022-01-01,facebook,Europe,Western Europe,"3007,0","11,9915835","0,0",508
2022-01-01,spotify,Europe,Western Europe,"195138,0","320,34390250000024","0,0",2939
2022-01-01,tiktok,Europe,Western Europe,"2643,0","2,1457195","0,0",99
2022-01-01,youtube,Europe,Western Europe,"98095,0","77,50919299999997","0,0",1980
2022-01-01,facebook,,,"4610,0","5,630038999999959","0,0",2974
2022-01-01,tiktok,,,"78,0","0,063324","0,0",1
2022-01-01,youtube,,,"4954,0","266,28673449999997","267,0",230
2022-02-01,amazon,Oceania,Australia and New Zealand,"118,0","0,6308085","0,0",50
2022-02-01,facebook,Oceania,Australia and New Zealand,"1234,0","5,038169000000001","0,0",141
2022-02-01,spotify,Oceania,Australia and New Zealand,"93330,0","174,6324599999999","0,0",1474
2022-02-01,tiktok,Oceania,Australia and New Zealand,"292,0","0,238819","0,0",25
2022-02-01,youtube,Oceania,Australia and New Zealand,"18752,0","37,2029415","0,0",736
2022-02-01,amazon,Americas,Caribbean,"207,0","0,5552684999999999","0,0",23
2022-02-01,facebook,Americas,Caribbean,"25449,0","36,0316715","0,0",486
2022-02-01,spotify,Americas,Caribbean,"16123,0","9,448781500000004","0,0",630
2022-02-01,tiktok,Americas,Caribbean,"984,0","0,8072780000000002","0,0",110
2022-02-01,youtube,Americas,Caribbean,"134511,0","13,655020500000001","0,0",770
2022-02-01,amazon,Americas,Central America,"53911,0","63,84046199999998","0,0",1265
2022-02-01,facebook,Americas,Central America,"837757,0","204,34220900000014","0,0",2506
2022-02-01,spotify,Americas,Central America,"1506277,0","787,2361520000006","0,0",4919
2022-02-01,tiktok,Americas,Central America,"17385,0","14,262587499999995","0,0",411
2022-02-01,youtube,Americas,Central America,"1615127,0","450,5783374999998","0,0",4807
2022-02-01,facebook,Asia,Central Asia,"1023,0","0,8637425","0,0",118
2022-02-01,spotify,Asia,Central Asia,"9272,0","2,6376654999999998","0,0",162
2022-02-01,tiktok,Asia,Central Asia,"2003,0","1,6432565","0,0",57
2022-02-01,youtube,Asia,Central Asia,"304,0","0,07705200000000001","0,0",6
2022-02-01,facebook,Africa,Eastern Africa,"1641,0","0,6869604999999999","0,0",109
2022-02-01,spotify,Africa,Eastern Africa,"4337,0","1,043558","0,0",355
2022-02-01,tiktok,Africa,Eastern Africa,"2037,0","1,6711500000000001","0,0",74
2022-02-01,youtube,Africa,Eastern Africa,"40051,0","3,5696915","0,0",106
2022-02-01,amazon,Asia,Eastern Asia,"2667,0","12,669767499999999","0,0",134
2022-02-01,facebook,Asia,Eastern Asia,"1168,0","3,370393000000001","0,0",248
2022-02-01,spotify,Asia,Eastern Asia,"26338,0","34,073874","0,0",1189
2022-02-01,tiktok,Asia,Eastern Asia,"135,0","0,110756","0,0",32
2022-02-01,youtube,Asia,Eastern Asia,"27115,0","45,91989850000001","0,0",1003
2022-02-01,amazon,Europe,Eastern Europe,"6,0","0,01643","0,0",5
2022-02-01,facebook,Europe,Eastern Europe,"6647,0","6,418436000000001","0,0",378
2022-02-01,spotify,Europe,Eastern Europe,"254066,0","78,92304999999999","0,0",2641
2022-02-01,tiktok,Europe,Eastern Europe,"4860,0","3,932503499999999","0,0",255
2022-02-01,youtube,Europe,Eastern Europe,"379934,0","160,97594800000002","0,0",2136
2022-02-01,facebook,Oceania,Melanesia,"85,0","0,04992599999999999","0,0",16
2022-02-01,spotify,Oceania,Melanesia,"116,0","0,027071000000000005","0,0",26
2022-02-01,tiktok,Oceania,Melanesia,"14,0","0,011486","0,0",5
2022-02-01,youtube,Oceania,Melanesia,"25,0","0,049804","0,0",7
2022-02-01,facebook,Oceania,Micronesia,"51,0","0,12072050000000001","0,0",17
2022-02-01,spotify,Oceania,Micronesia,"2,0","0,001116","0,0",1
2022-02-01,tiktok,Oceania,Micronesia,"5,0","0,004102","0,0",2
2022-02-01,youtube,Oceania,Micronesia,"877,0","0,2744585","0,0",21
2022-02-01,facebook,Africa,Middle Africa,"23,0","0,007859999999999999","0,0",7
2022-02-01,spotify,Africa,Middle Africa,"2923,0","0,34431800000000007","0,0",228
2022-02-01,tiktok,Africa,Middle Africa,"268,0","0,21986950000000002","0,0",37
2022-02-01,youtube,Africa,Middle Africa,"1,0","0,0","0,0",1
2022-02-01,facebook,Africa,Northern Africa,"1913,0","1,9490555000000003","0,0",236
2022-02-01,spotify,Africa,Northern Africa,"3246,0","0,9943534999999999","0,0",276
2022-02-01,tiktok,Africa,Northern Africa,"171,0","0,140292","0,0",57
2022-02-01,youtube,Africa,Northern Africa,"31397,0","0,8630935000000002","0,0",218
2022-02-01,amazon,Americas,Northern America,"168814,0","714,3070160000007","0,0",2028
2022-02-01,facebook,Americas,Northern America,"71674,0","225,22113199999995","0,0",1855
2022-02-01,spotify,Americas,Northern America,"1127307,0","2131,4057699999985","0,0",4653
2022-02-01,tiktok,Americas,Northern America,"7572,0","6,2120535","0,0",329
2022-02-01,youtube,Americas,Northern America,"1267624,0","3662,8814304999974","0,0",5377
2022-02-01,amazon,Europe,Northern Europe,"4251,0","28,766162499999997","0,0",422
2022-02-01,facebook,Europe,Northern Europe,"2486,0","10,271347500000001","0,0",457
2022-02-01,spotify,Europe,Northern Europe,"227377,0","544,8439309999999","0,0",3914
2022-02-01,tiktok,Europe,Northern Europe,"1175,0","0,9596265000000002","0,0",122
2022-02-01,youtube,Europe,Northern Europe,"56674,0","90,98639800000001","0,0",2056
2022-02-01,facebook,Oceania,Polynesia,"49,0","0,0456925","0,0",13
2022-02-01,spotify,Oceania,Polynesia,"2,0","0,0002945","0,0",2
2022-02-01,tiktok,Oceania,Polynesia,"1,0","0,0008205","0,0",1
2022-02-01,youtube,Oceania,Polynesia,"335,0","0,048326499999999994","0,0",13
2022-02-01,amazon,Americas,South America,"110252,0","114,50135699999994","0,0",2844
2022-02-01,facebook,Americas,South America,"876911,0","1005,202644000001","0,0",5575
2022-02-01,spotify,Americas,South America,"8328400,0","5121,221549999992","0,0",13423
2022-02-01,tiktok,Americas,South America,"318173,0","261,0196160000005","0,0",1522
2022-02-01,youtube,Americas,South America,"14691017,0","4540,1396075","0,0",14607
2022-02-01,facebook,Asia,South-Eastern Asia,"9546,0","9,956581000000003","0,0",623
2022-02-01,spotify,Asia,South-Eastern Asia,"69442,0","33,57388300000001","0,0",1159
2022-02-01,tiktok,Asia,South-Eastern Asia,"4198,0","3,380712","0,0",299
2022-02-01,youtube,Asia,South-Eastern Asia,"78975,0","11,727501499999999","0,0",894
2022-02-01,facebook,Africa,Southern Africa,"853,0","1,0277005","0,0",97
2022-02-01,spotify,Africa,Southern Africa,"7413,0","4,8757565","0,0",335
2022-02-01,tiktok,Africa,Southern Africa,"82,0","0,067275","0,0",36
2022-02-01,youtube,Africa,Southern Africa,"6931,0","4,7640885","0,0",263
2022-02-01,facebook,Asia,Southern Asia,"9811,0","4,4374","0,0",288
2022-02-01,spotify,Asia,Southern Asia,"69962,0","28,62646899999998","0,0",499
2022-02-01,tiktok,Asia,Southern Asia,"241,0","0,197718","0,0",41
2022-02-01,youtube,Asia,Southern Asia,"45125,0","4,63225","0,0",492
2022-02-01,amazon,Europe,Southern Europe,"6734,0","18,990985000000002","0,0",466
2022-02-01,facebook,Europe,Southern Europe,"85395,0","195,00084299999997","0,0",1510
2022-02-01,spotify,Europe,Southern Europe,"318462,0","268,128494","0,0",4498
2022-02-01,tiktok,Europe,Southern Europe,"35856,0","29,415346500000002","0,0",239
2022-02-01,youtube,Europe,Southern Europe,"314667,0","134,99366399999997","0,0",2909
2022-02-01,facebook,Africa,Western Africa,"1971,0","1,3467665000000002","0,0",217
2022-02-01,spotify,Africa,Western Africa,"14344,0","2,8690155000000006","0,0",324
2022-02-01,tiktok,Africa,Western Africa,"2576,0","2,1133425000000003","0,0",85
2022-02-01,youtube,Africa,Western Africa,"21536,0","10,3932545","0,0",147
2022-02-01,facebook,Asia,Western Asia,"3300,0","3,7829450000000002","0,0",417
2022-02-01,spotify,Asia,Western Asia,"42441,0","27,256856499999998","0,0",1327
2022-02-01,tiktok,Asia,Western Asia,"1030,0","0,845024","0,0",162
2022-02-01,youtube,Asia,Western Asia,"70225,0","17,0560875","0,0",1019
2022-02-01,amazon,Europe,Western Europe,"2579,0","8,628322499999996","0,0",437
2022-02-01,facebook,Europe,Western Europe,"4678,0","18,69482899999999","0,0",833
2022-02-01,spotify,Europe,Western Europe,"365328,0","632,4398934999999","0,0",4926
2022-02-01,tiktok,Europe,Western Europe,"1370,0","1,1239540000000001","0,0",167
2022-02-01,youtube,Europe,Western Europe,"105621,0","126,4677915","0,0",2919
2022-02-01,facebook,,,"8910,0","11,376552999999854","0,0",5255
2022-02-01,youtube,,,"4406,0","26,252737499999952","255,0",243
2022-03-01,amazon,Oceania,Australia and New Zealand,"242,0","1,975366","0,0",31
2022-03-01,facebook,Oceania,Australia and New Zealand,"772,0","2,7731610000000004","0,0",86
2022-03-01,spotify,Oceania,Australia and New Zealand,"66524,0","133,34635999999995","0,0",890
2022-03-01,tiktok,Oceania,Australia and New Zealand,"86,0","0,0595845","0,0",19
2022-03-01,youtube,Oceania,Australia and New Zealand,"36656,0","27,372601","0,0",551
2022-03-01,amazon,Americas,Caribbean,"167,0","0,45380800000000004","0,0",26
2022-03-01,facebook,Americas,Caribbean,"4258,0","6,583010000000001","0,0",284
2022-03-01,spotify,Americas,Caribbean,"14592,0","8,555917","0,0",346
2022-03-01,tiktok,Americas,Caribbean,"1313,0","0,9096855000000001","0,0",72
2022-03-01,youtube,Americas,Caribbean,"45469,0","11,931789000000002","0,0",536
2022-03-01,amazon,Americas,Central America,"107889,0","98,16546400000001","0,0",1448
2022-03-01,facebook,Americas,Central America,"153938,0","186,97562250000004","0,0",1445
2022-03-01,spotify,Americas,Central America,"1151359,0","618,5384949999992","0,0",3151
2022-03-01,tiktok,Americas,Central America,"23175,0","16,056286","0,0",284
2022-03-01,youtube,Americas,Central America,"1647241,0","175,29750100000007","0,0",3498
2022-03-01,facebook,Asia,Central Asia,"5130,0","4,2823305000000005","0,0",105
2022-03-01,spotify,Asia,Central Asia,"15476,0","4,850873","0,0",134
2022-03-01,tiktok,Asia,Central Asia,"203,0","0,1406485","0,0",40
2022-03-01,youtube,Asia,Central Asia,"158,0","0,0315345","0,0",3
2022-03-01,facebook,Africa,Eastern Africa,"1595,0","0,48286399999999996","0,0",72
2022-03-01,spotify,Africa,Eastern Africa,"4702,0","1,193811","0,0",219
2022-03-01,tiktok,Africa,Eastern Africa,"318,0","0,220322","0,0",30
2022-03-01,youtube,Africa,Eastern Africa,"4875,0","0,3800885","0,0",74
2022-03-01,amazon,Asia,Eastern Asia,"1119,0","3,9651820000000004","0,0",178
2022-03-01,facebook,Asia,Eastern Asia,"581,0","1,2482349999999998","0,0",149
2022-03-01,spotify,Asia,Eastern Asia,"21762,0","29,418348999999992","0,0",790
2022-03-01,tiktok,Asia,Eastern Asia,"80,0","0,0554275","0,0",27
2022-03-01,youtube,Asia,Eastern Asia,"26436,0","70,52506650000001","0,0",883
2022-03-01,amazon,Europe,Eastern Europe,"20,0","0,0562535","0,0",12
2022-03-01,facebook,Europe,Eastern Europe,"2501,0","2,3022594999999995","0,0",239
2022-03-01,spotify,Europe,Eastern Europe,"129588,0","40,70295749999999","0,0",1648
2022-03-01,tiktok,Europe,Eastern Europe,"3891,0","2,6958025","0,0",139
2022-03-01,youtube,Europe,Eastern Europe,"77712,0","21,738307000000002","0,0",1312
2022-03-01,facebook,Oceania,Melanesia,"239,0","0,13801700000000003","0,0",13
2022-03-01,spotify,Oceania,Melanesia,"28,0","0,01128","0,0",17
2022-03-01,tiktok,Oceania,Melanesia,"5,0","0,003464","0,0",3
2022-03-01,youtube,Oceania,Melanesia,"95,0","0,0140235","0,0",2
2022-03-01,facebook,Oceania,Micronesia,"31,0","0,033125","0,0",12
2022-03-01,tiktok,Oceania,Micronesia,"4,0","0,0027715","0,0",1
2022-03-01,youtube,Oceania,Micronesia,"59,0","0,014736500000000001","0,0",6
2022-03-01,facebook,Africa,Middle Africa,"65,0","0,019731500000000003","0,0",13
2022-03-01,spotify,Africa,Middle Africa,"2430,0","0,315894","0,0",135
2022-03-01,tiktok,Africa,Middle Africa,"180,0","0,12470900000000001","0,0",23
2022-03-01,facebook,Africa,Northern Africa,"1923,0","1,7213505000000002","0,0",157
2022-03-01,spotify,Africa,Northern Africa,"1333,0","0,4533415000000001","0,0",208
2022-03-01,tiktok,Africa,Northern Africa,"95,0","0,0658235","0,0",39
2022-03-01,youtube,Africa,Northern Africa,"4004,0","0,45362600000000003","0,0",128
2022-03-01,amazon,Americas,Northern America,"193198,0","890,4271280000002","0,0",2440
2022-03-01,facebook,Americas,Northern America,"24936,0","290,5818174999997","0,0",1114
2022-03-01,spotify,Americas,Northern America,"744416,0","1364,6960990000005","0,0",3033
2022-03-01,tiktok,Americas,Northern America,"7228,0","5,007773500000002","0,0",255
2022-03-01,youtube,Americas,Northern America,"808729,0","2272,6976525","0,0",3981
2022-03-01,amazon,Europe,Northern Europe,"3330,0","19,465192000000002","0,0",516
2022-03-01,facebook,Europe,Northern Europe,"1681,0","6,098931","0,0",317
2022-03-01,spotify,Europe,Northern Europe,"134073,0","322,198775","0,0",2338
2022-03-01,tiktok,Europe,Northern Europe,"1539,0","1,066268","0,0",84
2022-03-01,youtube,Europe,Northern Europe,"82049,0","83,39301499999999","0,0",1477
2022-03-01,facebook,Oceania,Polynesia,"19,0","0,03856450000000001","0,0",7
2022-03-01,spotify,Oceania,Polynesia,"2,0","0,000612","0,0",2
2022-03-01,tiktok,Oceania,Polynesia,"4,0","0,002772","0,0",4
2022-03-01,youtube,Oceania,Polynesia,"84,0","0,024452999999999996","0,0",18
2022-03-01,amazon,Americas,South America,"91066,0","116,82825400000006","0,0",3131
2022-03-01,facebook,Americas,South America,"833919,0","811,1072849999997","0,0",3211
2022-03-01,spotify,Americas,South America,"5187670,0","3635,1484640000012","0,0",8400
2022-03-01,tiktok,Americas,South America,"59537,0","41,24833699999999","0,0",899
2022-03-01,youtube,Americas,South America,"12137141,0","2952,9709084999986","0,0",10543
2022-03-01,facebook,Asia,South-Eastern Asia,"7032,0","6,960148499999999","0,0",424
2022-03-01,spotify,Asia,South-Eastern Asia,"22736,0","12,817926","0,0",833
2022-03-01,tiktok,Asia,South-Eastern Asia,"3761,0","2,6057335000000004","0,0",126
2022-03-01,youtube,Asia,South-Eastern Asia,"208639,0","34,5232635","0,0",610
2022-03-01,facebook,Africa,Southern Africa,"1301,0","0,8217720000000001","0,0",70
2022-03-01,spotify,Africa,Southern Africa,"2288,0","1,5011044999999998","0,0",206
2022-03-01,tiktok,Africa,Southern Africa,"66,0","0,04572949999999999","0,0",21
2022-03-01,youtube,Africa,Southern Africa,"15332,0","5,687978","0,0",232
2022-03-01,facebook,Asia,Southern Asia,"1261,0","0,517254","0,0",164
2022-03-01,spotify,Asia,Southern Asia,"15988,0","6,5417735","0,0",342
2022-03-01,tiktok,Asia,Southern Asia,"205,0","0,1420325","0,0",28
2022-03-01,youtube,Asia,Southern Asia,"101436,0","6,262439999999998","0,0",412
2022-03-01,amazon,Europe,Southern Europe,"4159,0","16,616269000000003","0,0",548
2022-03-01,facebook,Europe,Southern Europe,"15177,0","30,945735999999993","0,0",927
2022-03-01,spotify,Europe,Southern Europe,"272489,0","210,4167700000001","0,0",2783
2022-03-01,tiktok,Europe,Southern Europe,"3316,0","2,2974245000000004","0,0",153
2022-03-01,youtube,Europe,Southern Europe,"128861,0","70,671798","0,0",2109
2022-03-01,facebook,Africa,Western Africa,"1657,0","1,0359425","0,0",128
2022-03-01,spotify,Africa,Western Africa,"4034,0","0,705998","0,0",216
2022-03-01,tiktok,Africa,Western Africa,"3143,0","2,1775605000000002","0,0",53
2022-03-01,youtube,Africa,Western Africa,"8467,0","1,822828","0,0",117
2022-03-01,facebook,Asia,Western Asia,"6088,0","4,540277499999999","0,0",246
2022-03-01,spotify,Asia,Western Asia,"98528,0","23,512550500000003","0,0",868
2022-03-01,tiktok,Asia,Western Asia,"2684,0","1,8595550000000003","0,0",114
2022-03-01,youtube,Asia,Western Asia,"133695,0","18,3515995","0,0",768
2022-03-01,amazon,Europe,Western Europe,"3602,0","17,456999499999995","0,0",526
2022-03-01,facebook,Europe,Western Europe,"9294,0","20,290617","0,0",538
2022-03-01,spotify,Europe,Western Europe,"102564,0","184,85185899999993","0,0",3120
2022-03-01,tiktok,Europe,Western Europe,"1764,0","1,2221615000000001","0,0",125
2022-03-01,youtube,Europe,Western Europe,"100826,0","97,41856950000003","0,0",2062
2022-03-01,facebook,,,"5044,0","5,627267999999998","0,0",2897
2022-03-01,youtube,,,"8529,0","250,43185850000006","316,0",265
2022-04-01,amazon,Oceania,Australia and New Zealand,"290,0","2,0498559999999997","0,0",30
2022-04-01,facebook,Oceania,Australia and New Zealand,"298,0","1,3008769999999996","0,0",93
2022-04-01,spotify,Oceania,Australia and New Zealand,"81083,0","156,705893","0,0",943
2022-04-01,tiktok,Oceania,Australia and New Zealand,"331,0","0,259687","0,0",32
2022-04-01,youtube,Oceania,Australia and New Zealand,"9289,0","27,0608575","0,0",516
2022-04-01,amazon,Americas,Caribbean,"140,0","0,451366","0,0",25
2022-04-01,facebook,Americas,Caribbean,"10700,0","16,1103915","0,0",263
2022-04-01,spotify,Americas,Caribbean,"8972,0","6,1185145000000025","0,0",391
2022-04-01,tiktok,Americas,Caribbean,"2294,0","1,7997729999999998","0,0",89
2022-04-01,youtube,Americas,Caribbean,"16559,0","6,524215499999999","0,0",480
2022-04-01,amazon,Americas,Central America,"33658,0","49,7333495","0,0",1063
2022-04-01,facebook,Americas,Central America,"297392,0","180,85180000000003","0,0",1396
2022-04-01,spotify,Americas,Central America,"1906131,0","1063,4813024999985","0,0",3213
2022-04-01,tiktok,Americas,Central America,"4040,0","3,1696020000000003","0,0",272
2022-04-01,youtube,Americas,Central America,"541234,0","149,5535929999999","0,0",3525
2022-04-01,facebook,Asia,Central Asia,"622,0","1,5825859999999998","0,0",95
2022-04-01,spotify,Asia,Central Asia,"3063,0","0,891938","0,0",158
2022-04-01,tiktok,Asia,Central Asia,"1496,0","1,1736984999999998","0,0",50
2022-04-01,youtube,Asia,Central Asia,"1117,0","0,050865499999999994","0,0",4
2022-04-01,facebook,Africa,Eastern Africa,"3192,0","1,0603305","0,0",89
2022-04-01,spotify,Africa,Eastern Africa,"4821,0","1,1772040000000001","0,0",214
2022-04-01,tiktok,Africa,Eastern Africa,"474,0","0,37187749999999997","0,0",42
2022-04-01,youtube,Africa,Eastern Africa,"35030,0","3,3727840000000002","0,0",68
2022-04-01,amazon,Asia,Eastern Asia,"1605,0","6,372789500000003","0,0",115
2022-04-01,facebook,Asia,Eastern Asia,"893,0","2,4294114999999996","0,0",151
2022-04-01,spotify,Asia,Eastern Asia,"19709,0","19,948443500000007","0,0",752
2022-04-01,tiktok,Asia,Eastern Asia,"118,0","0,09257500000000002","0,0",31
2022-04-01,youtube,Asia,Eastern Asia,"27576,0","71,00179349999999","0,0",806
2022-04-01,amazon,Europe,Eastern Europe,"7,0","0,020250999999999998","0,0",4
2022-04-01,facebook,Europe,Eastern Europe,"1946,0","2,7675724999999995","0,0",240
2022-04-01,spotify,Europe,Eastern Europe,"81174,0","37,249221","0,0",1426
2022-04-01,tiktok,Europe,Eastern Europe,"1486,0","1,165848","0,0",85
2022-04-01,youtube,Europe,Eastern Europe,"49016,0","17,2547655","0,0",1117
2022-04-01,facebook,Oceania,Melanesia,"42,0","0,022982","0,0",9
2022-04-01,spotify,Oceania,Melanesia,"270,0","0,11066899999999999","0,0",23
2022-04-01,tiktok,Oceania,Melanesia,"12,0","0,009414500000000001","0,0",4
2022-04-01,youtube,Oceania,Melanesia,"214,0","0,139059","0,0",6
2022-04-01,facebook,Oceania,Micronesia,"22,0","0,033477999999999994","0,0",11
2022-04-01,spotify,Oceania,Micronesia,"6,0","0,0025499999999999997","0,0",4
2022-04-01,tiktok,Oceania,Micronesia,"8,0","0,006276500000000001","0,0",4
2022-04-01,youtube,Oceania,Micronesia,"35,0","0,0391245","0,0",13
2022-04-01,facebook,Africa,Middle Africa,"31,0","0,014837","0,0",8
2022-04-01,spotify,Africa,Middle Africa,"1127,0","0,14308250000000003","0,0",125
2022-04-01,tiktok,Africa,Middle Africa,"161,0","0,1263125","0,0",21
2022-04-01,facebook,Africa,Northern Africa,"1574,0","1,2434865000000002","0,0",111
2022-04-01,spotify,Africa,Northern Africa,"2920,0","1,0026184999999996","0,0",188
2022-04-01,tiktok,Africa,Northern Africa,"230,0","0,180445","0,0",41
2022-04-01,youtube,Africa,Northern Africa,"12226,0","0,8601835","0,0",102
2022-04-01,amazon,Americas,Northern America,"167226,0","1008,344969000001","0,0",1692
2022-04-01,facebook,Americas,Northern America,"11456,0","58,17696649999999","0,0",1010
2022-04-01,spotify,Americas,Northern America,"553761,0","976,2327154999999","0,0",3070
2022-04-01,tiktok,Americas,Northern America,"7554,0","5,926548999999999","0,0",193
2022-04-01,youtube,Americas,Northern America,"469403,0","1107,8464030000007","0,0",3813
2022-04-01,amazon,Europe,Northern Europe,"2897,0","19,239888000000004","0,0",217
2022-04-01,facebook,Europe,Northern Europe,"1465,0","6,517951500000001","0,0",278
2022-04-01,spotify,Europe,Northern Europe,"122359,0","261,38676150000003","0,0",2551
2022-04-01,tiktok,Europe,Northern Europe,"4807,0","3,771373","0,0",72
2022-04-01,youtube,Europe,Northern Europe,"43279,0","74,30108949999999","0,0",1494
2022-04-01,facebook,Oceania,Polynesia,"20,0","0,038525","0,0",8
2022-04-01,spotify,Oceania,Polynesia,"4,0","0,0","0,0",2
2022-04-01,tiktok,Oceania,Polynesia,"3,0","0,0023535","0,0",2
2022-04-01,youtube,Oceania,Polynesia,"10,0","0,001023","0,0",7
2022-04-01,amazon,Americas,South America,"118046,0","123,00862949999987","0,0",2307
2022-04-01,facebook,Americas,South America,"1853514,0","2206,4189175000024","0,0",2861
2022-04-01,spotify,Americas,South America,"4623096,0","3253,745878499999","0,0",8325
2022-04-01,tiktok,Americas,South America,"512292,0","401,9090535000009","0,0",796
2022-04-01,youtube,Americas,South America,"6569666,0","2136,595565499999","0,0",10372
2022-04-01,facebook,Asia,South-Eastern Asia,"324490,0","304,5364555","0,0",306
2022-04-01,spotify,Asia,South-Eastern Asia,"70672,0","31,076521","0,0",821
2022-04-01,tiktok,Asia,South-Eastern Asia,"6463,0","5,070599","0,0",91
2022-04-01,youtube,Asia,South-Eastern Asia,"344960,0","177,89823499999997","0,0",584
2022-04-01,facebook,Africa,Southern Africa,"223,0","0,2636115","0,0",58
2022-04-01,spotify,Africa,Southern Africa,"8830,0","4,652259999999998","0,0",249
2022-04-01,tiktok,Africa,Southern Africa,"223,0","0,17495399999999997","0,0",27
2022-04-01,youtube,Africa,Southern Africa,"3773,0","1,992638","0,0",195
2022-04-01,facebook,Asia,Southern Asia,"1210,0","0,5983704999999998","0,0",165
2022-04-01,spotify,Asia,Southern Asia,"17898,0","7,3823694999999985","0,0",372
2022-04-01,tiktok,Asia,Southern Asia,"1617,0","1,2686309999999998","0,0",43
2022-04-01,youtube,Asia,Southern Asia,"23686,0","2,7943499999999997","0,0",393
2022-04-01,amazon,Europe,Southern Europe,"2639,0","8,7268935","0,0",377
2022-04-01,facebook,Europe,Southern Europe,"21299,0","51,314659000000034","0,0",890
2022-04-01,spotify,Europe,Southern Europe,"235929,0","187,96314900000007","0,0",2910
2022-04-01,tiktok,Europe,Southern Europe,"5338,0","4,187966999999999","0,0",147
2022-04-01,youtube,Europe,Southern Europe,"169336,0","87,1711115","0,0",2078
2022-04-01,facebook,Africa,Western Africa,"2119,0","1,5231235","0,0",121
2022-04-01,spotify,Africa,Western Africa,"49523,0","11,314066500000006","0,0",199
2022-04-01,tiktok,Africa,Western Africa,"782,0","0,6135225","0,0",68
2022-04-01,youtube,Africa,Western Africa,"7089,0","2,6940714999999997","0,0",94
2022-04-01,facebook,Asia,Western Asia,"8457,0","6,3765595","0,0",299
2022-04-01,spotify,Asia,Western Asia,"579706,0","110,52838199999997","0,0",984
2022-04-01,tiktok,Asia,Western Asia,"2801,0","2,197544","0,0",105
2022-04-01,youtube,Asia,Western Asia,"228587,0","51,06095800000001","0,0",737
2022-04-01,amazon,Europe,Western Europe,"2022,0","9,582533000000002","0,0",337
2022-04-01,facebook,Europe,Western Europe,"2612,0","20,183927499999996","0,0",501
2022-04-01,spotify,Europe,Western Europe,"176768,0","289,839198","0,0",3188
2022-04-01,tiktok,Europe,Western Europe,"1138,0","0,8928194999999998","0,0",98
2022-04-01,youtube,Europe,Western Europe,"50367,0","81,36008350000003","0,0",2091
2022-04-01,facebook,,,"5006,0","6,282368500000038","0,0",2661
2022-04-01,youtube,,,"6372,0","106,7444755","337,0",281
2022-05-01,amazon,Oceania,Australia and New Zealand,"652,0","3,574179","0,0",61
2022-05-01,facebook,Oceania,Australia and New Zealand,"1734,0","8,516610000000004","0,0",183
2022-05-01,spotify,Oceania,Australia and New Zealand,"176561,0","323,41211500000003","0,0",1736
2022-05-01,tiktok,Oceania,Australia and New Zealand,"161,0","0,11588900000000003","0,0",23
2022-05-01,youtube,Oceania,Australia and New Zealand,"18612,0","46,18840200000001","0,0",769
2022-05-01,amazon,Americas,Caribbean,"146,0","0,4611115","0,0",25
2022-05-01,facebook,Americas,Caribbean,"7863,0","14,556526999999999","0,0",517
2022-05-01,spotify,Americas,Caribbean,"32081,0","21,785815499999995","0,0",806
2022-05-01,tiktok,Americas,Caribbean,"1685,0","1,2128735","0,0",157
2022-05-01,youtube,Americas,Caribbean,"130120,0","26,358294500000007","0,0",933
2022-05-01,amazon,Americas,Central America,"36056,0","52,55464549999998","0,0",1642
2022-05-01,facebook,Americas,Central America,"579404,0","198,41038000000023","0,0",2716
2022-05-01,spotify,Americas,Central America,"1682104,0","916,068833999998","0,0",6161
2022-05-01,tiktok,Americas,Central America,"10607,0","7,634945500000008","0,0",560
2022-05-01,youtube,Americas,Central America,"1514023,0","437,86945750000007","0,0",5500
2022-05-01,facebook,Asia,Central Asia,"3031,0","3,1751450000000006","0,0",150
2022-05-01,spotify,Asia,Central Asia,"21163,0","4,147538000000001","0,0",248
2022-05-01,tiktok,Asia,Central Asia,"476,0","0,3426305","0,0",68
2022-05-01,youtube,Asia,Central Asia,"1171,0","0,09289700000000001","0,0",9
2022-05-01,facebook,Africa,Eastern Africa,"1659,0","1,0203064999999998","0,0",150
2022-05-01,spotify,Africa,Eastern Africa,"6434,0","1,386344","0,0",518
2022-05-01,tiktok,Africa,Eastern Africa,"2457,0","1,7685465000000007","0,0",79
2022-05-01,youtube,Africa,Eastern Africa,"30745,0","2,4351689999999997","0,0",130
2022-05-01,amazon,Asia,Eastern Asia,"1716,0","6,538463","0,0",171
2022-05-01,facebook,Asia,Eastern Asia,"1753,0","4,783975000000001","0,0",307
2022-05-01,spotify,Asia,Eastern Asia,"42551,0","42,955740999999996","0,0",1491
2022-05-01,tiktok,Asia,Eastern Asia,"187,0","0,13460850000000002","0,0",50
2022-05-01,youtube,Asia,Eastern Asia,"101734,0","117,4980765","0,0",1230
2022-05-01,amazon,Europe,Eastern Europe,"93,0","0,359469","0,0",11
2022-05-01,facebook,Europe,Eastern Europe,"5368,0","6,542877","0,0",440
2022-05-01,spotify,Europe,Eastern Europe,"75055,0","920,0656954999995","0,0",2372
2022-05-01,tiktok,Europe,Eastern Europe,"1782,0","1,282691","0,0",128
2022-05-01,youtube,Europe,Eastern Europe,"207953,0","55,35948200000001","0,0",1756
2022-05-01,facebook,Oceania,Melanesia,"126,0","0,0860285","0,0",24
2022-05-01,spotify,Oceania,Melanesia,"212,0","0,0379615","0,0",32
2022-05-01,tiktok,Oceania,Melanesia,"57,0","0,041029","0,0",5
2022-05-01,youtube,Oceania,Melanesia,"143,0","0,019723499999999998","0,0",10
2022-05-01,facebook,Oceania,Micronesia,"212,0","0,0911445","0,0",20
2022-05-01,spotify,Oceania,Micronesia,"15,0","0,009957500000000001","0,0",4
2022-05-01,tiktok,Oceania,Micronesia,"1,0","0,00072","0,0",1
2022-05-01,youtube,Oceania,Micronesia,"215,0","0,039035999999999994","0,0",27
2022-05-01,facebook,Africa,Middle Africa,"52,0","0,019493","0,0",12
2022-05-01,spotify,Africa,Middle Africa,"4507,0","0,5543184999999999","0,0",298
2022-05-01,tiktok,Africa,Middle Africa,"501,0","0,36062399999999994","0,0",52
2022-05-01,youtube,Africa,Middle Africa,"1,0","0,0","0,0",1
2022-05-01,facebook,Africa,Northern Africa,"4030,0","4,010029000000001","0,0",263
2022-05-01,spotify,Africa,Northern Africa,"4882,0","1,1524274999999995","0,0",394
2022-05-01,tiktok,Africa,Northern Africa,"1184,0","0,8522465","0,0",92
2022-05-01,youtube,Africa,Northern Africa,"33645,0","0,9289960000000002","0,0",250
2022-05-01,amazon,Americas,Northern America,"173478,0","683,6232170000004","0,0",2658
2022-05-01,facebook,Americas,Northern America,"55003,0","211,72482049999985","0,0",1961
2022-05-01,spotify,Americas,Northern America,"1374923,0","2584,374467999999","0,0",5579
2022-05-01,tiktok,Americas,Northern America,"40820,0","29,38212200000003","0,0",435
2022-05-01,youtube,Americas,Northern America,"1025975,0","2845,021922999998","0,0",6182
2022-05-01,amazon,Europe,Northern Europe,"33322,0","233,55734900000002","0,0",536
2022-05-01,facebook,Europe,Northern Europe,"2785,0","13,6958445","0,0",584
2022-05-01,spotify,Europe,Northern Europe,"422895,0","969,3420080000001","0,0",4671
2022-05-01,tiktok,Europe,Northern Europe,"2569,0","1,8491695000000006","0,0",144
2022-05-01,youtube,Europe,Northern Europe,"144118,0","216,6192540000001","0,0",2514
2022-05-01,facebook,Oceania,Polynesia,"84,0","0,06703","0,0",18
2022-05-01,spotify,Oceania,Polynesia,"10,0","0,0012045","0,0",4
2022-05-01,tiktok,Oceania,Polynesia,"8,0","0,005759","0,0",5
2022-05-01,youtube,Oceania,Polynesia,"49,0","0,11059650000000001","0,0",16
2022-05-01,amazon,Americas,South America,"405053,0","314,1520079999999","0,0",3499
2022-05-01,facebook,Americas,South America,"1392056,0","1852,9177939999947","0,0",5193
2022-05-01,spotify,Americas,South America,"10335241,0","6607,725964999986","0,0",15338
2022-05-01,tiktok,Americas,South America,"545376,0","392,5573985000006","0,0",1542
2022-05-01,youtube,Americas,South America,"18199054,0","5682,617742499998","0,0",16066
2022-05-01,facebook,Asia,South-Eastern Asia,"43170,0","48,60069799999998","0,0",659
2022-05-01,spotify,Asia,South-Eastern Asia,"151589,0","59,26339449999999","0,0",1565
2022-05-01,tiktok,Asia,South-Eastern Asia,"2030,0","1,4612029999999998","0,0",153
2022-05-01,youtube,Asia,South-Eastern Asia,"358618,0","60,520383","0,0",983
2022-05-01,facebook,Africa,Southern Africa,"3511,0","2,5668559999999996","0,0",138
2022-05-01,spotify,Africa,Southern Africa,"9325,0","5,802258999999999","0,0",480
2022-05-01,tiktok,Africa,Southern Africa,"104,0","0,074864","0,0",32
2022-05-01,youtube,Africa,Southern Africa,"5640,0","4,227069","0,0",328
2022-05-01,facebook,Asia,Southern Asia,"7078,0","3,770586","0,0",354
2022-05-01,spotify,Asia,Southern Asia,"47835,0","17,831871","0,0",808
2022-05-01,tiktok,Asia,Southern Asia,"4854,0","3,493901000000001","0,0",84
2022-05-01,youtube,Asia,Southern Asia,"103032,0","13,744832499999998","0,0",602
2022-05-01,amazon,Europe,Southern Europe,"8963,0","30,162217","0,0",544
2022-05-01,facebook,Europe,Southern Europe,"56535,0","147,39913549999977","0,0",1454
2022-05-01,spotify,Europe,Southern Europe,"517886,0","406,89233049999996","0,0",5267
2022-05-01,tiktok,Europe,Southern Europe,"8420,0","6,060725499999998","0,0",344
2022-05-01,youtube,Europe,Southern Europe,"216405,0","181,1080545","0,0",3548
2022-05-01,facebook,Africa,Western Africa,"3155,0","3,4868135000000007","0,0",243
2022-05-01,spotify,Africa,Western Africa,"24745,0","4,017292499999999","0,0",413
2022-05-01,tiktok,Africa,Western Africa,"4730,0","3,4046464999999997","0,0",110
2022-05-01,youtube,Africa,Western Africa,"35944,0","6,176643000000001","0,0",223
2022-05-01,facebook,Asia,Western Asia,"17609,0","16,350388","0,0",547
2022-05-01,spotify,Asia,Western Asia,"199498,0","37,65775550000001","0,0",1859
2022-05-01,tiktok,Asia,Western Asia,"5491,0","3,9524265","0,0",217
2022-05-01,youtube,Asia,Western Asia,"226534,0","39,706564500000006","0,0",1284
2022-05-01,amazon,Europe,Western Europe,"6392,0","22,457339500000003","0,0",619
2022-05-01,facebook,Europe,Western Europe,"8468,0","37,61995400000003","0,0",942
2022-05-01,spotify,Europe,Western Europe,"321413,0","495,20493700000003","0,0",5629
2022-05-01,tiktok,Europe,Western Europe,"3927,0","2,8266610000000005","0,0",214
2022-05-01,youtube,Europe,Western Europe,"237060,0","334,6039199999998","0,0",3468
2022-05-01,facebook,,,"9149,0","13,833541500000141","0,0",5087
2022-05-01,youtube,,,"11089,0","504,48432899999983","375,0",353
2022-06-01,amazon,Oceania,Australia and New Zealand,"190,0","1,075057","0,0",37
2022-06-01,facebook,Oceania,Australia and New Zealand,"1197,0","1,849492","0,0",240
2022-06-01,spotify,Oceania,Australia and New Zealand,"78847,0","147,13272650000013","0,0",1333
2022-06-01,tiktok,Oceania,Australia and New Zealand,"156,0","0,12284050000000002","0,0",31
2022-06-01,youtube,Oceania,Australia and New Zealand,"27910,0","56,61404100000001","0,0",669
2022-06-01,amazon,Americas,Caribbean,"22,0","0,0806625","0,0",14
2022-06-01,facebook,Americas,Caribbean,"37409,0","55,03359599999998","0,0",586
2022-06-01,spotify,Americas,Caribbean,"14278,0","9,642477500000002","0,0",496
2022-06-01,tiktok,Americas,Caribbean,"2557,0","2,0134515","0,0",93
2022-06-01,youtube,Americas,Caribbean,"81268,0","11,1088025","0,0",799
2022-06-01,amazon,Americas,Central America,"42692,0","67,42226049999998","0,0",1330
2022-06-01,facebook,Americas,Central America,"1049989,0","108,0606720000001","0,0",2761
2022-06-01,spotify,Americas,Central America,"1750865,0","941,0747050000009","0,0",4326
2022-06-01,tiktok,Americas,Central America,"5044,0","3,9718005","0,0",414
2022-06-01,youtube,Americas,Central America,"1269734,0","252,7944235000001","0,0",4507
2022-06-01,facebook,Asia,Central Asia,"5235,0","2,4123525000000012","0,0",217
2022-06-01,spotify,Asia,Central Asia,"3933,0","1,2669975","0,0",204
2022-06-01,tiktok,Asia,Central Asia,"1109,0","0,873258","0,0",49
2022-06-01,youtube,Asia,Central Asia,"70,0","0,024309000000000004","0,0",9
2022-06-01,facebook,Africa,Eastern Africa,"1377,0","0,4538115","0,0",215
2022-06-01,spotify,Africa,Eastern Africa,"4194,0","0,972631","0,0",334
2022-06-01,tiktok,Africa,Eastern Africa,"1617,0","1,2732704999999997","0,0",72
2022-06-01,youtube,Africa,Eastern Africa,"18681,0","1,0702904999999998","0,0",112
2022-06-01,amazon,Asia,Eastern Asia,"194,0","0,812396","0,0",101
2022-06-01,facebook,Asia,Eastern Asia,"3609,0","6,0338525","0,0",428
2022-06-01,spotify,Asia,Eastern Asia,"21270,0","21,542988","0,0",1055
2022-06-01,tiktok,Asia,Eastern Asia,"87,0","0,068508","0,0",25
2022-06-01,youtube,Asia,Eastern Asia,"216189,0","37,03562199999998","0,0",1045
2022-06-01,amazon,Europe,Eastern Europe,"5,0","0,0165895","0,0",3
2022-06-01,facebook,Europe,Eastern Europe,"4695,0","8,0730115","0,0",624
2022-06-01,spotify,Europe,Eastern Europe,"116042,0","46,23520499999998","0,0",1817
2022-06-01,tiktok,Europe,Eastern Europe,"1605,0","1,2638269999999998","0,0",108
2022-06-01,youtube,Europe,Eastern Europe,"78970,0","41,983767500000006","0,0",1443
2022-06-01,facebook,Oceania,Melanesia,"694,0","0,18545150000000002","0,0",26
2022-06-01,spotify,Oceania,Melanesia,"136,0","0,05014400000000001","0,0",23
2022-06-01,tiktok,Oceania,Melanesia,"31,0","0,024410499999999998","0,0",5
2022-06-01,youtube,Oceania,Melanesia,"44,0","0,027502000000000002","0,0",7
2022-06-01,facebook,Oceania,Micronesia,"938,0","0,1377115","0,0",25
2022-06-01,spotify,Oceania,Micronesia,"2,0","0,0","0,0",2
2022-06-01,tiktok,Oceania,Micronesia,"5,0","0,0039375","0,0",3
2022-06-01,youtube,Oceania,Micronesia,"330,0","0,049999999999999996","0,0",15
2022-06-01,facebook,Africa,Middle Africa,"68,0","0,08025749999999997","0,0",24
2022-06-01,spotify,Africa,Middle Africa,"1876,0","0,24484000000000003","0,0",205
2022-06-01,tiktok,Africa,Middle Africa,"2750,0","2,1654205","0,0",64
2022-06-01,youtube,Africa,Middle Africa,"9,0","0,0","0,0",5
2022-06-01,facebook,Africa,Northern Africa,"3211,0","2,9716609999999997","0,0",462
2022-06-01,spotify,Africa,Northern Africa,"6108,0","1,4739075000000004","0,0",255
2022-06-01,tiktok,Africa,Northern Africa,"991,0","0,780341","0,0",57
2022-06-01,youtube,Africa,Northern Africa,"26053,0","1,8367745","0,0",184
2022-06-01,amazon,Americas,Northern America,"97546,0","471,9293665000001","0,0",2014
2022-06-01,facebook,Americas,Northern America,"24804,0","104,12532599999996","0,0",2182
2022-06-01,spotify,Americas,Northern America,"876793,0","1751,8240670000014","0,0",4255
2022-06-01,tiktok,Americas,Northern America,"19769,0","15,566616999999995","0,0",326
2022-06-01,youtube,Americas,Northern America,"757939,0","2336,0822000000016","0,0",4792
2022-06-01,amazon,Europe,Northern Europe,"29494,0","173,63820849999996","0,0",288
2022-06-01,facebook,Europe,Northern Europe,"4235,0","10,254869","0,0",781
2022-06-01,spotify,Europe,Northern Europe,"179353,0","394,3997954999997","0,0",3583
2022-06-01,tiktok,Europe,Northern Europe,"1446,0","1,138619","0,0",104
2022-06-01,youtube,Europe,Northern Europe,"76559,0","94,94347749999999","0,0",1996
2022-06-01,facebook,Oceania,Polynesia,"68,0","0,034422999999999995","0,0",15
2022-06-01,tiktok,Oceania,Polynesia,"3,0","0,0023625","0,0",2
2022-06-01,youtube,Oceania,Polynesia,"424,0","0,05904899999999999","0,0",17
2022-06-01,amazon,Americas,South America,"142670,0","171,31369699999985","0,0",2634
2022-06-01,facebook,Americas,South America,"1161531,0","2882,865915000004","0,0",5838
2022-06-01,spotify,Americas,South America,"7278421,0","4601,575806000006","0,0",10678
2022-06-01,tiktok,Americas,South America,"86275,0","67,93009100000006","0,0",1177
2022-06-01,youtube,Americas,South America,"10450625,0","2899,7963274999993","0,0",13299
2022-06-01,facebook,Asia,South-Eastern Asia,"18931,0","13,507412000000004","0,0",942
2022-06-01,spotify,Asia,South-Eastern Asia,"29870,0","15,018516999999997","0,0",1244
2022-06-01,tiktok,Asia,South-Eastern Asia,"48576,0","38,24993900000001","0,0",109
2022-06-01,youtube,Asia,South-Eastern Asia,"272685,0","43,039939000000004","0,0",771
2022-06-01,facebook,Africa,Southern Africa,"451,0","0,523991","0,0",186
2022-06-01,spotify,Africa,Southern Africa,"17982,0","9,460631999999999","0,0",374
2022-06-01,tiktok,Africa,Southern Africa,"248,0","0,1952835","0,0",35
2022-06-01,youtube,Africa,Southern Africa,"3370,0","2,1553525","0,0",268
2022-06-01,facebook,Asia,Southern Asia,"14927,0","2,1387175000000007","0,0",569
2022-06-01,spotify,Asia,Southern Asia,"18773,0","7,1616865","0,0",648
2022-06-01,tiktok,Asia,Southern Asia,"3376,0","2,6583490000000003","0,0",58
2022-06-01,youtube,Asia,Southern Asia,"65196,0","10,5391415","0,0",508
2022-06-01,amazon,Europe,Southern Europe,"8623,0","28,397907","0,0",414
2022-06-01,facebook,Europe,Southern Europe,"66360,0","107,35853300000007","0,0",1811
2022-06-01,spotify,Europe,Southern Europe,"2090406,0","1747,1037074999997","0,0",4020
2022-06-01,tiktok,Europe,Southern Europe,"8549,0","6,731707999999999","0,0",201
2022-06-01,youtube,Europe,Southern Europe,"771792,0","373,37697450000013","0,0",2720
2022-06-01,facebook,Africa,Western Africa,"3917,0","1,7991290000000002","0,0",344
2022-06-01,spotify,Africa,Western Africa,"62732,0","11,927441999999997","0,0",276
2022-06-01,tiktok,Africa,Western Africa,"1046,0","0,8236524999999998","0,0",89
2022-06-01,youtube,Africa,Western Africa,"9407,0","1,5215455","0,0",141
2022-06-01,facebook,Asia,Western Asia,"12128,0","6,4862145","0,0",746
2022-06-01,spotify,Asia,Western Asia,"-888458,0","-107,33704149999998","0,0",1460
2022-06-01,tiktok,Asia,Western Asia,"-1691,0","-1,3315244999999993","0,0",142
2022-06-01,youtube,Asia,Western Asia,"215039,0","55,704798000000004","0,0",1053
2022-06-01,amazon,Europe,Western Europe,"2609,0","11,542415000000002","0,0",374
2022-06-01,facebook,Europe,Western Europe,"9455,0","31,671598499999995","0,0",1239
2022-06-01,spotify,Europe,Western Europe,"563680,0","891,475866","0,0",4463
2022-06-01,tiktok,Europe,Western Europe,"1091,0","0,8590899999999999","0,0",132
2022-06-01,youtube,Europe,Western Europe,"185056,0","227,9166209999999","0,0",2755
2022-06-01,facebook,,,"9140,0","8,986813000000144","0,0",6263
2022-06-01,youtube,,,"18364,0","504,65342200000003","331,0",302
2022-07-01,amazon,Oceania,Australia and New Zealand,"188,0","1,0807545","0,0",40
2022-07-01,facebook,Oceania,Australia and New Zealand,"743,0","4,0473845","0,0",197
2022-07-01,spotify,Oceania,Australia and New Zealand,"42005,0","71,09273699999996","0,0",1712
2022-07-01,tiktok,Oceania,Australia and New Zealand,"95,0","0,073438","0,0",15
2022-07-01,youtube,Oceania,Australia and New Zealand,"16005,0","32,26253099999999","0,0",693
2022-07-01,amazon,Americas,Caribbean,"40,0","0,18570800000000004","0,0",13
2022-07-01,facebook,Americas,Caribbean,"4450,0","23,350531499999992","0,0",545
2022-07-01,spotify,Americas,Caribbean,"22869,0","14,860326500000008","0,0",548
2022-07-01,tiktok,Americas,Caribbean,"3885,0","3,003240000000001","0,0",108
2022-07-01,youtube,Americas,Caribbean,"29637,0","6,420466000000001","0,0",626
2022-07-01,amazon,Americas,Central America,"49192,0","91,22147550000003","0,0",1330
2022-07-01,facebook,Americas,Central America,"148330,0","98,52375950000003","0,0",2800
2022-07-01,spotify,Americas,Central America,"766695,0","398,9756035000006","0,0",4330
2022-07-01,tiktok,Americas,Central America,"11054,0","8,545119000000003","0,0",430
2022-07-01,youtube,Americas,Central America,"1391062,0","441,11906849999974","0,0",4121
2022-07-01,facebook,Asia,Central Asia,"1285,0","0,5033019999999999","0,0",175
2022-07-01,spotify,Asia,Central Asia,"7255,0","1,8678970000000001","0,0",145
2022-07-01,tiktok,Asia,Central Asia,"1085,0","0,8387409999999998","0,0",65
2022-07-01,youtube,Asia,Central Asia,"2414,0","0,7225925","0,0",3
2022-07-01,facebook,Africa,Eastern Africa,"2038,0","0,4624234999999998","0,0",185
2022-07-01,spotify,Africa,Eastern Africa,"5965,0","1,1189434999999999","0,0",380
2022-07-01,tiktok,Africa,Eastern Africa,"872,0","0,6740844999999999","0,0",56
2022-07-01,youtube,Africa,Eastern Africa,"43531,0","1,7792114999999997","0,0",111
2022-07-01,amazon,Asia,Eastern Asia,"458,0","1,6279375000000003","0,0",139
2022-07-01,facebook,Asia,Eastern Asia,"1776,0","2,0964600000000004","0,0",352
2022-07-01,spotify,Asia,Eastern Asia,"18632,0","17,484433999999982","0,0",1297
2022-07-01,tiktok,Asia,Eastern Asia,"520,0","0,4019765","0,0",35
2022-07-01,youtube,Asia,Eastern Asia,"89489,0","41,234528999999995","0,0",993
2022-07-01,amazon,Europe,Eastern Europe,"11,0","0,013375","0,0",3
2022-07-01,facebook,Europe,Eastern Europe,"7378,0","4,242082999999998","0,0",611
2022-07-01,spotify,Europe,Eastern Europe,"65002,0","33,238178500000004","0,0",2410
2022-07-01,tiktok,Europe,Eastern Europe,"1885,0","1,4571655000000003","0,0",127
2022-07-01,youtube,Europe,Eastern Europe,"82510,0","25,769410500000003","0,0",1460
2022-07-01,facebook,Oceania,Melanesia,"403,0","0,088039","0,0",26
2022-07-01,spotify,Oceania,Melanesia,"230,0","0,0983505","0,0",21
2022-07-01,tiktok,Oceania,Melanesia,"278,0","0,21490400000000004","0,0",7
2022-07-01,youtube,Oceania,Melanesia,"216,0","0,015096","0,0",7
2022-07-01,facebook,Oceania,Micronesia,"50,0","0,0268505","0,0",29
2022-07-01,spotify,Oceania,Micronesia,"13,0","0,006614999999999999","0,0",4
2022-07-01,tiktok,Oceania,Micronesia,"9,0","0,0069575","0,0",2
2022-07-01,youtube,Oceania,Micronesia,"84,0","0,0563145","0,0",14
2022-07-01,facebook,Africa,Middle Africa,"80,0","0,0259415","0,0",31
2022-07-01,spotify,Africa,Middle Africa,"2311,0","0,32439599999999996","0,0",218
2022-07-01,tiktok,Africa,Middle Africa,"193,0","0,1491925","0,0",53
2022-07-01,facebook,Africa,Northern Africa,"5715,0","3,419088","0,0",398
2022-07-01,spotify,Africa,Northern Africa,"7012,0","2,067205500000001","0,0",350
2022-07-01,tiktok,Africa,Northern Africa,"510,0","0,394246","0,0",47
2022-07-01,youtube,Africa,Northern Africa,"10495,0","0,7386715000000001","0,0",152
2022-07-01,amazon,Americas,Northern America,"138714,0","593,0350805","0,0",1931
2022-07-01,facebook,Americas,Northern America,"38129,0","117,28269199999993","0,0",2113
2022-07-01,spotify,Americas,Northern America,"1141765,0","2091,387227000004","0,0",4866
2022-07-01,tiktok,Americas,Northern America,"14744,0","11,397012499999999","0,0",298
2022-07-01,youtube,Americas,Northern America,"728608,0","1510,5022780000008","0,0",4721
2022-07-01,amazon,Europe,Northern Europe,"12865,0","64,471325","0,0",372
2022-07-01,facebook,Europe,Northern Europe,"2548,0","6,3931485","0,0",682
2022-07-01,spotify,Europe,Northern Europe,"258525,0","506,3227619999999","0,0",4365
2022-07-01,tiktok,Europe,Northern Europe,"739,0","0,5712695","0,0",92
2022-07-01,youtube,Europe,Northern Europe,"94398,0","123,20423649999994","0,0",1961
2022-07-01,facebook,Oceania,Polynesia,"56,0","0,035284","0,0",16
2022-07-01,spotify,Oceania,Polynesia,"21,0","0,005937","0,0",2
2022-07-01,tiktok,Oceania,Polynesia,"1852,0","1,4316625","0,0",3
2022-07-01,youtube,Oceania,Polynesia,"164,0","0,040497000000000005","0,0",18
2022-07-01,amazon,Americas,South America,"222922,0","191,84937600000012","0,0",2329
2022-07-01,facebook,Americas,South America,"1024215,0","2868,1457490000003","0,0",5367
2022-07-01,spotify,Americas,South America,"5129335,0","2696,8297779999994","0,0",11423
2022-07-01,tiktok,Americas,South America,"141894,0","109,68665099999998","0,0",1045
2022-07-01,youtube,Americas,South America,"12680423,0","3967,963263999998","0,0",12469
2022-07-01,facebook,Asia,South-Eastern Asia,"79832,0","31,207635999999983","0,0",926
2022-07-01,spotify,Asia,South-Eastern Asia,"36193,0","18,87252750000001","0,0",1687
2022-07-01,tiktok,Asia,South-Eastern Asia,"4563,0","3,5273580000000004","0,0",118
2022-07-01,youtube,Asia,South-Eastern Asia,"344184,0","47,47183350000001","0,0",774
2022-07-01,facebook,Africa,Southern Africa,"641,0","0,45934150000000007","0,0",162
2022-07-01,spotify,Africa,Southern Africa,"11807,0","5,296891500000001","0,0",432
2022-07-01,tiktok,Africa,Southern Africa,"249,0","0,19248450000000003","0,0",27
2022-07-01,youtube,Africa,Southern Africa,"5936,0","2,3919534999999996","0,0",267
2022-07-01,facebook,Asia,Southern Asia,"18235,0","5,4602569999999995","0,0",540
2022-07-01,spotify,Asia,Southern Asia,"37296,0","14,197472999999999","0,0",781
2022-07-01,tiktok,Asia,Southern Asia,"440,0","0,34013400000000005","0,0",54
2022-07-01,youtube,Asia,Southern Asia,"18745,0","1,7641799999999999","0,0",555
2022-07-01,amazon,Europe,Southern Europe,"33198,0","70,5377825","0,0",427
2022-07-01,facebook,Europe,Southern Europe,"34115,0","65,975562","0,0",1705
2022-07-01,spotify,Europe,Southern Europe,"447831,0","340,13523950000007","0,0",4891
2022-07-01,tiktok,Europe,Southern Europe,"43192,0","33,38896249999999","0,0",198
2022-07-01,youtube,Europe,Southern Europe,"135536,0","76,8012065","0,0",2465
2022-07-01,facebook,Africa,Western Africa,"32995,0","5,431254","0,0",324
2022-07-01,spotify,Africa,Western Africa,"6671,0","1,1503945","0,0",252
2022-07-01,tiktok,Africa,Western Africa,"2286,0","1,7671540000000003","0,0",101
2022-07-01,youtube,Africa,Western Africa,"7577,0","1,9666334999999997","0,0",127
2022-07-01,facebook,Asia,Western Asia,"12185,0","7,557252","0,0",710
2022-07-01,spotify,Asia,Western Asia,"52947,0","18,56986850000001","0,0",1805
2022-07-01,tiktok,Asia,Western Asia,"4458,0","3,4461860000000004","0,0",139
2022-07-01,youtube,Asia,Western Asia,"479948,0","65,69241550000004","0,0",1068
2022-07-01,amazon,Europe,Western Europe,"5828,0","17,4030945","0,0",422
2022-07-01,facebook,Europe,Western Europe,"5674,0","29,883617000000008","0,0",1142
2022-07-01,spotify,Europe,Western Europe,"162354,0","237,16462499999977","0,0",5033
2022-07-01,tiktok,Europe,Western Europe,"2138,0","1,6527460000000005","0,0",145
2022-07-01,youtube,Europe,Western Europe,"89011,0","98,72565250000002","0,0",2691
2022-07-01,youtube,Polar,,"2,0","0,0","0,0",1
2022-07-01,facebook,,,"8775,0","8,49555050000004","0,0",5716
2022-07-01,youtube,,,"17655,0","600,514643","403,0",360
2022-08-01,amazon,Oceania,Australia and New Zealand,"356,0","1,8242454999999997","0,0",72
2022-08-01,facebook,Oceania,Australia and New Zealand,"1009,0","2,8261979999999998","0,0",259
2022-08-01,spotify,Oceania,Australia and New Zealand,"56718,0","91,87354499999996","0,0",1796
2022-08-01,tiktok,Oceania,Australia and New Zealand,"495,0","0,3420735","0,0",33
2022-08-01,youtube,Oceania,Australia and New Zealand,"25154,0","50,91589349999999","0,0",1194
2022-08-01,amazon,Americas,Caribbean,"152,0","0,639138","0,0",28
2022-08-01,facebook,Americas,Caribbean,"10575,0","8,302333500000001","0,0",569
2022-08-01,spotify,Americas,Caribbean,"40333,0","29,40797300000001","0,0",572
2022-08-01,tiktok,Americas,Caribbean,"1123,0","0,7760539999999999","0,0",108
2022-08-01,youtube,Americas,Caribbean,"262266,0","10,317149499999996","0,0",2420
2022-08-01,amazon,Americas,Central America,"44785,0","55,60326100000003","0,0",1436
2022-08-01,facebook,Americas,Central America,"551412,0","185,2337889999999","0,0",2723
2022-08-01,spotify,Americas,Central America,"1500368,0","841,5677094999986","0,0",4567
2022-08-01,tiktok,Americas,Central America,"5728,0","3,957814999999999","0,0",397
2022-08-01,youtube,Americas,Central America,"2994593,0","600,619775","0,0",7941
2022-08-01,facebook,Asia,Central Asia,"4755,0","3,043626","0,0",207
2022-08-01,spotify,Asia,Central Asia,"19940,0","5,774563499999999","0,0",215
2022-08-01,tiktok,Asia,Central Asia,"1120,0","0,7739849999999999","0,0",63
2022-08-01,youtube,Asia,Central Asia,"26977,0","0,0157005","0,0",476
2022-08-01,facebook,Africa,Eastern Africa,"2514,0","0,6565975","0,0",202
2022-08-01,spotify,Africa,Eastern Africa,"6972,0","1,860496","0,0",457
2022-08-01,tiktok,Africa,Eastern Africa,"418,0","0,2888575","0,0",81
2022-08-01,youtube,Africa,Eastern Africa,"87685,0","1,1989295000000002","0,0",1081
2022-08-01,amazon,Asia,Eastern Asia,"858,0","3,1178820000000007","0,0",166
2022-08-01,facebook,Asia,Eastern Asia,"1294,0","2,327685","0,0",411
2022-08-01,spotify,Asia,Eastern Asia,"29630,0","30,334395500000014","0,0",1307
2022-08-01,tiktok,Asia,Eastern Asia,"85,0","0,058738500000000006","0,0",30
2022-08-01,youtube,Asia,Eastern Asia,"293891,0","326,6885325000001","0,0",2211
2022-08-01,amazon,Europe,Eastern Europe,"18,0","0,031918","0,0",13
2022-08-01,facebook,Europe,Eastern Europe,"4458,0","3,253472999999999","0,0",653
2022-08-01,spotify,Europe,Eastern Europe,"164069,0","84,63297649999993","0,0",2380
2022-08-01,tiktok,Europe,Eastern Europe,"3915,0","2,705497","0,0",141
2022-08-01,youtube,Europe,Eastern Europe,"385773,0","31,808544","0,0",4336
2022-08-01,facebook,Oceania,Melanesia,"257,0","0,0967305","0,0",29
2022-08-01,spotify,Oceania,Melanesia,"59,0","0,0196765","0,0",21
2022-08-01,tiktok,Oceania,Melanesia,"8,0","0,005528","0,0",3
2022-08-01,youtube,Oceania,Melanesia,"1963,0","0,0200595","0,0",168
2022-08-01,facebook,Oceania,Micronesia,"67,0","0,022714","0,0",26
2022-08-01,spotify,Oceania,Micronesia,"11,0","0,00312","0,0",7
2022-08-01,youtube,Oceania,Micronesia,"1043,0","0,103161","0,0",98
2022-08-01,facebook,Africa,Middle Africa,"207,0","0,038043","0,0",29
2022-08-01,spotify,Africa,Middle Africa,"2339,0","0,318858","0,0",272
2022-08-01,tiktok,Africa,Middle Africa,"262,0","0,1810535","0,0",57
2022-08-01,youtube,Africa,Middle Africa,"32949,0","0,0","0,0",665
2022-08-01,facebook,Africa,Northern Africa,"1980,0","1,3565889999999998","0,0",466
2022-08-01,spotify,Africa,Northern Africa,"4836,0","1,5532945","0,0",309
2022-08-01,tiktok,Africa,Northern Africa,"673,0","0,46507999999999994","0,0",68
2022-08-01,youtube,Africa,Northern Africa,"115642,0","3,4895144999999994","0,0",808
2022-08-01,amazon,Americas,Northern America,"135022,0","566,1353520000006","0,0",2512
2022-08-01,facebook,Americas,Northern America,"27388,0","92,88794049999993","0,0",2160
2022-08-01,spotify,Americas,Northern America,"1252274,0","2303,8170724999977","0,0",5078
2022-08-01,tiktok,Americas,Northern America,"2457,0","1,6979174999999993","0,0",296
2022-08-01,youtube,Americas,Northern America,"1389807,0","1913,8025325","0,0",7004
2022-08-01,amazon,Europe,Northern Europe,"10368,0","63,17508299999995","0,0",532
2022-08-01,facebook,Europe,Northern Europe,"2080,0","10,891484000000004","0,0",741
2022-08-01,spotify,Europe,Northern Europe,"158303,0","279,9410975000002","0,0",4540
2022-08-01,tiktok,Europe,Northern Europe,"1428,0","0,9868249999999998","0,0",127
2022-08-01,youtube,Europe,Northern Europe,"224211,0","123,57573299999993","0,0",4001
2022-08-01,facebook,Oceania,Polynesia,"267,0","0,0776595","0,0",16
2022-08-01,spotify,Oceania,Polynesia,"10,0","0,003115","0,0",2
2022-08-01,tiktok,Oceania,Polynesia,"4,0","0,002764","0,0",3
2022-08-01,youtube,Oceania,Polynesia,"2130,0","0,017729500000000002","0,0",105
2022-08-01,amazon,Americas,South America,"482636,0","287,9154450000006","0,0",3694
2022-08-01,facebook,Americas,South America,"1800598,0","1618,7724360000016","0,0",6149
2022-08-01,spotify,Americas,South America,"7459971,0","4499,68413399999","0,0",11814
2022-08-01,tiktok,Americas,South America,"166412,0","114,9776305000003","0,0",1277
2022-08-01,youtube,Americas,South America,"32680155,0","3795,0513139999953","0,0",22213
2022-08-01,facebook,Asia,South-Eastern Asia,"29123,0","24,3461565","0,0",1011
2022-08-01,spotify,Asia,South-Eastern Asia,"72396,0","22,988550999999973","0,0",1487
2022-08-01,tiktok,Asia,South-Eastern Asia,"38948,0","26,9154565","0,0",139
2022-08-01,youtube,Asia,South-Eastern Asia,"115990,0","9,364184500000002","0,0",2265
2022-08-01,facebook,Africa,Southern Africa,"552,0","0,5588664999999999","0,0",202
2022-08-01,spotify,Africa,Southern Africa,"6440,0","3,294961999999999","0,0",450
2022-08-01,tiktok,Africa,Southern Africa,"156,0","0,1078035","0,0",36
2022-08-01,youtube,Africa,Southern Africa,"41928,0","7,420863000000001","0,0",900
2022-08-01,facebook,Asia,Southern Asia,"6978,0","2,050352499999999","0,0",611
2022-08-01,spotify,Asia,Southern Asia,"59891,0","24,1699495","0,0",694
2022-08-01,tiktok,Asia,Southern Asia,"5753,0","3,9756729999999996","0,0",60
2022-08-01,youtube,Asia,Southern Asia,"69004,0","3,3219534999999993","0,0",1623
2022-08-01,amazon,Europe,Southern Europe,"6006,0","22,395628999999996","0,0",499
2022-08-01,facebook,Europe,Southern Europe,"68273,0","111,841327","0,0",1999
2022-08-01,spotify,Europe,Southern Europe,"397329,0","295,37484400000005","0,0",4759
2022-08-01,tiktok,Europe,Southern Europe,"8505,0","5,877460500000003","0,0",254
2022-08-01,youtube,Europe,Southern Europe,"1008403,0","266,4664470000001","0,0",5997
2022-08-01,facebook,Africa,Western Africa,"21174,0","5,773354499999999","0,0",384
2022-08-01,spotify,Africa,Western Africa,"9005,0","1,6570520000000002","0,0",311
2022-08-01,tiktok,Africa,Western Africa,"4879,0","3,371683000000001","0,0",108
2022-08-01,youtube,Africa,Western Africa,"101779,0","1,3713989999999998","0,0",998
2022-08-01,facebook,Asia,Western Asia,"58721,0","21,745334","0,0",753
2022-08-01,spotify,Asia,Western Asia,"-901779,0","-129,8453195","0,0",1743
2022-08-01,tiktok,Asia,Western Asia,"9776,0","6,7558065","0,0",174
2022-08-01,youtube,Asia,Western Asia,"185276,0","29,5373775","0,0",2810
2022-08-01,amazon,Europe,Western Europe,"9636,0","25,715222999999998","0,0",536
2022-08-01,facebook,Europe,Western Europe,"4611,0","14,320560499999996","0,0",1225
2022-08-01,spotify,Europe,Western Europe,"170409,0","289,2431245","0,0",5236
2022-08-01,tiktok,Europe,Western Europe,"8185,0","5,656321999999999","0,0",183
2022-08-01,youtube,Europe,Western Europe,"285307,0","138,05708799999996","0,0",5660
2022-08-01,facebook,,,"10397,0","11,14543399999988","0,0",6716
2022-08-01,youtube,,,"55802,0","498,5162444999998","385,0",510
2022-09-01,amazon,Oceania,Australia and New Zealand,"134,0","0,7847029999999999","0,0",28
2022-09-01,facebook,Oceania,Australia and New Zealand,"372,0","1,342076","0,0",189
2022-09-01,spotify,Oceania,Australia and New Zealand,"46787,0","78,18182250000002","0,0",1404
2022-09-01,tiktok,Oceania,Australia and New Zealand,"373,0","0,27711149999999996","0,0",33
2022-09-01,youtube,Oceania,Australia and New Zealand,"25537,0","40,45026","0,0",1212
2022-09-01,amazon,Americas,Caribbean,"56,0","0,20104600000000003","0,0",18
2022-09-01,facebook,Americas,Caribbean,"5651,0","3,999507499999999","0,0",488
2022-09-01,spotify,Americas,Caribbean,"29068,0","19,427938999999995","0,0",482
2022-09-01,tiktok,Americas,Caribbean,"1276,0","0,9479704999999999","0,0",101
2022-09-01,youtube,Americas,Caribbean,"374903,0","26,446671000000002","0,0",2214
2022-09-01,amazon,Americas,Central America,"63005,0","69,95526050000001","0,0",1505
2022-09-01,facebook,Americas,Central America,"159415,0","165,10152649999998","0,0",2546
2022-09-01,spotify,Americas,Central America,"853317,0","504,87039749999957","0,0",3941
2022-09-01,tiktok,Americas,Central America,"5493,0","4,080879000000002","0,0",357
2022-09-01,youtube,Americas,Central America,"2481114,0","567,318668","0,0",7212
2022-09-01,facebook,Asia,Central Asia,"1540,0","0,7332715000000002","0,0",155
2022-09-01,spotify,Asia,Central Asia,"7899,0","2,4569914999999996","0,0",192
2022-09-01,tiktok,Asia,Central Asia,"601,0","0,44649949999999994","0,0",65
2022-09-01,youtube,Asia,Central Asia,"102020,0","0,05126","0,0",449
2022-09-01,facebook,Africa,Eastern Africa,"1425,0","3,562925","0,0",148
2022-09-01,spotify,Africa,Eastern Africa,"7465,0","2,0874745000000003","0,0",388
2022-09-01,tiktok,Africa,Eastern Africa,"724,0","0,5378780000000001","0,0",70
2022-09-01,youtube,Africa,Eastern Africa,"73164,0","0,5244900000000001","0,0",1023
2022-09-01,amazon,Asia,Eastern Asia,"473,0","1,7370274999999997","0,0",183
2022-09-01,facebook,Asia,Eastern Asia,"2092,0","4,4880015","0,0",346
2022-09-01,spotify,Asia,Eastern Asia,"19201,0","20,748647500000004","0,0",1087
2022-09-01,tiktok,Asia,Eastern Asia,"120,0","0,0891535","0,0",33
2022-09-01,youtube,Asia,Eastern Asia,"51308,0","33,785902","0,0",2200
2022-09-01,facebook,Europe,Eastern Europe,"2398,0","2,3995655","0,0",540
2022-09-01,spotify,Europe,Eastern Europe,"90629,0","38,60208600000001","0,0",1839
2022-09-01,tiktok,Europe,Eastern Europe,"1010,0","0,750359","0,0",123
2022-09-01,youtube,Europe,Eastern Europe,"374042,0","25,65744099999999","0,0",3990
2022-09-01,facebook,Oceania,Melanesia,"53,0","0,8197195","0,0",22
2022-09-01,spotify,Oceania,Melanesia,"296,0","1,2632429999999997","0,0",27
2022-09-01,tiktok,Oceania,Melanesia,"40,0","0,029717","0,0",8
2022-09-01,youtube,Oceania,Melanesia,"2027,0","0,008438","0,0",172
2022-09-01,facebook,Oceania,Micronesia,"60,0","0,0331665","0,0",27
2022-09-01,spotify,Oceania,Micronesia,"9,0","0,0020445","0,0",6
2022-09-01,tiktok,Oceania,Micronesia,"9,0","0,0066865","0,0",4
2022-09-01,youtube,Oceania,Micronesia,"1196,0","0,16398949999999998","0,0",78
2022-09-01,facebook,Africa,Middle Africa,"159,0","0,1930315","0,0",20
2022-09-01,spotify,Africa,Middle Africa,"2215,0","0,30826349999999997","0,0",226
2022-09-01,tiktok,Africa,Middle Africa,"277,0","0,205793","0,0",43
2022-09-01,youtube,Africa,Middle Africa,"20911,0","0,0","0,0",622
2022-09-01,facebook,Africa,Northern Africa,"1460,0","0,9979570000000002","0,0",372
2022-09-01,spotify,Africa,Northern Africa,"4452,0","1,4910985000000003","0,0",318
2022-09-01,tiktok,Africa,Northern Africa,"417,0","0,309802","0,0",63
2022-09-01,youtube,Africa,Northern Africa,"31384,0","0,6956140000000002","0,0",815
2022-09-01,amazon,Americas,Northern America,"78714,0","425,81712500000003","0,0",2114
2022-09-01,facebook,Americas,Northern America,"28726,0","79,28804450000001","0,0",1962
2022-09-01,spotify,Americas,Northern America,"618529,0","1159,025888","0,0",4384
2022-09-01,tiktok,Americas,Northern America,"10125,0","7,522055999999997","0,0",239
2022-09-01,youtube,Americas,Northern America,"2349533,0","2150,278554999999","0,0",6701
2022-09-01,amazon,Europe,Northern Europe,"5906,0","47,276559","0,0",461
2022-09-01,facebook,Europe,Northern Europe,"2416,0","7,6860795","0,0",648
2022-09-01,spotify,Europe,Northern Europe,"184821,0","318,8134530000004","0,0",3494
2022-09-01,tiktok,Europe,Northern Europe,"1195,0","0,8877985","0,0",123
2022-09-01,youtube,Europe,Northern Europe,"124034,0","82,57588599999998","0,0",3793
2022-09-01,facebook,Oceania,Polynesia,"57,0","0,0071039999999999975","0,0",17
2022-09-01,spotify,Oceania,Polynesia,"2,0","0,001853","0,0",2
2022-09-01,tiktok,Oceania,Polynesia,"14,0","0,0104015","0,0",4
2022-09-01,youtube,Oceania,Polynesia,"4801,0","0,12192800000000001","0,0",92
2022-09-01,amazon,Americas,South America,"287023,0","284,53987100000046","0,0",3359
2022-09-01,facebook,Americas,South America,"928441,0","1315,1637484999972","0,0",5747
2022-09-01,spotify,Americas,South America,"7212375,0","4686,442014499999","0,0",10749
2022-09-01,tiktok,Americas,South America,"77692,0","57,69803249999998","0,0",1163
2022-09-01,youtube,Americas,South America,"26856599,0","3691,718823000003","0,0",20675
2022-09-01,facebook,Asia,South-Eastern Asia,"9479,0","13,16569250000001","0,0",858
2022-09-01,spotify,Asia,South-Eastern Asia,"25105,0","10,787078500000003","0,0",1152
2022-09-01,tiktok,Asia,South-Eastern Asia,"4483,0","3,3305105","0,0",123
2022-09-01,youtube,Asia,South-Eastern Asia,"114327,0","49,65390000000002","0,0",2457
2022-09-01,facebook,Africa,Southern Africa,"513,0","1,7986480000000002","0,0",144
2022-09-01,spotify,Africa,Southern Africa,"11330,0","5,653131000000001","0,0",372
2022-09-01,tiktok,Africa,Southern Africa,"306,0","0,22733650000000002","0,0",33
2022-09-01,youtube,Africa,Southern Africa,"39572,0","7,314041500000001","0,0",864
2022-09-01,facebook,Asia,Southern Asia,"10679,0","2,9540409999999993","0,0",542
2022-09-01,spotify,Asia,Southern Asia,"42066,0","17,0604655","0,0",590
2022-09-01,tiktok,Asia,Southern Asia,"3772,0","2,80229","0,0",43
2022-09-01,youtube,Asia,Southern Asia,"53655,0","2,2619070000000003","0,0",1725
2022-09-01,amazon,Europe,Southern Europe,"7049,0","29,160211999999998","0,0",477
2022-09-01,facebook,Europe,Southern Europe,"22747,0","41,18359749999999","0,0",1639
2022-09-01,spotify,Europe,Southern Europe,"285612,0","220,08970649999978","0,0",3993
2022-09-01,tiktok,Europe,Southern Europe,"6758,0","5,0200605","0,0",199
2022-09-01,youtube,Europe,Southern Europe,"306341,0","97,05386449999996","0,0",5982
2022-09-01,facebook,Africa,Western Africa,"40504,0","7,531753","0,0",331
2022-09-01,spotify,Africa,Western Africa,"25552,0","6,022326500000001","0,0",277
2022-09-01,tiktok,Africa,Western Africa,"848,0","0,6300024999999999","0,0",96
2022-09-01,youtube,Africa,Western Africa,"55978,0","0,750355","0,0",917
2022-09-01,facebook,Asia,Western Asia,"8905,0","6,370862499999999","0,0",700
2022-09-01,spotify,Asia,Western Asia,"314148,0","59,410976999999995","0,0",1358
2022-09-01,tiktok,Asia,Western Asia,"15664,0","11,637073999999998","0,0",138
2022-09-01,youtube,Asia,Western Asia,"338417,0","19,305726499999995","0,0",2838
2022-09-01,amazon,Europe,Western Europe,"4191,0","21,388007499999997","0,0",502
2022-09-01,facebook,Europe,Western Europe,"4588,0","13,833574999999996","0,0",1074
2022-09-01,spotify,Europe,Western Europe,"184084,0","265,2465514999999","0,0",4198
2022-09-01,tiktok,Europe,Western Europe,"2971,0","2,2072214999999993","0,0",152
2022-09-01,youtube,Europe,Western Europe,"221550,0","151,63664000000003","0,0",5592
2022-09-01,facebook,,,"8247,0","11,692340500000032","0,0",6203
2022-09-01,youtube,,,"18193,0","-67,47443699999988","374,0",518
2022-10-01,amazon,Oceania,Australia and New Zealand,"282,0","0,8870925000000001","0,0",65
2022-10-01,facebook,Oceania,Australia and New Zealand,"686,0","6,207512499999998","0,0",228
2022-10-01,spotify,Oceania,Australia and New Zealand,"99194,0","159,82544349999992","0,0",1231
2022-10-01,tiktok,Oceania,Australia and New Zealand,"443,0","0,3099735","0,0",35
2022-10-01,youtube,Oceania,Australia and New Zealand,"15774,0","22,776904000000002","0,0",1094
2022-10-01,amazon,Americas,Caribbean,"49,0","0,14316749999999998","0,0",23
2022-10-01,facebook,Americas,Caribbean,"12748,0","12,169487999999994","0,0",584
2022-10-01,spotify,Americas,Caribbean,"22164,0","17,156477499999998","0,0",540
2022-10-01,tiktok,Americas,Caribbean,"1389,0","0,9718964999999999","0,0",117
2022-10-01,youtube,Americas,Caribbean,"393570,0","19,353639499999996","0,0",2359
2022-10-01,amazon,Americas,Central America,"52063,0","62,63468900000001","0,0",1482
2022-10-01,facebook,Americas,Central America,"144787,0","99,4626020000001","0,0",2875
2022-10-01,spotify,Americas,Central America,"1029431,0","628,0214919999995","0,0",4475
2022-10-01,tiktok,Americas,Central America,"14555,0","10,184406000000006","0,0",445
2022-10-01,youtube,Americas,Central America,"2259868,0","260,27724449999994","0,0",7844
2022-10-01,facebook,Asia,Central Asia,"1494,0","0,872093","0,0",192
2022-10-01,spotify,Asia,Central Asia,"23133,0","7,583870999999999","0,0",240
2022-10-01,tiktok,Asia,Central Asia,"1815,0","1,2699904999999998","0,0",76
2022-10-01,youtube,Asia,Central Asia,"386551,0","4,142761","0,0",428
2022-10-01,facebook,Africa,Eastern Africa,"936,0","0,25211500000000003","0,0",147
2022-10-01,spotify,Africa,Eastern Africa,"9686,0","2,4769069999999997","0,0",418
2022-10-01,tiktok,Africa,Eastern Africa,"1172,0","0,8200655000000001","0,0",83
2022-10-01,youtube,Africa,Eastern Africa,"83084,0","0,6531534999999999","0,0",1078
2022-10-01,amazon,Asia,Eastern Asia,"514,0","1,5771209999999998","0,0",144
2022-10-01,facebook,Asia,Eastern Asia,"982,0","2,162391","0,0",422
2022-10-01,spotify,Asia,Eastern Asia,"32553,0","30,346113500000016","0,0",1055
2022-10-01,tiktok,Asia,Eastern Asia,"75,0","0,0524765","0,0",32
2022-10-01,youtube,Asia,Eastern Asia,"59820,0","52,807427999999994","0,0",2108
2022-10-01,amazon,Europe,Eastern Europe,"27,0","0,048128000000000004","0,0",5
2022-10-01,facebook,Europe,Eastern Europe,"5950,0","9,431604499999997","0,0",631
2022-10-01,spotify,Europe,Eastern Europe,"128762,0","64,15407100000003","0,0",1745
2022-10-01,tiktok,Europe,Eastern Europe,"2449,0","1,7136040000000001","0,0",143
2022-10-01,youtube,Europe,Eastern Europe,"349510,0","41,60883","0,0",4124
2022-10-01,facebook,Oceania,Melanesia,"76,0","0,38212050000000003","0,0",26
2022-10-01,spotify,Oceania,Melanesia,"293,0","0,820407","0,0",24
2022-10-01,tiktok,Oceania,Melanesia,"22,0","0,015393500000000001","0,0",6
2022-10-01,youtube,Oceania,Melanesia,"3147,0","0,08478450000000001","0,0",171
2022-10-01,facebook,Oceania,Micronesia,"112,0","-0,010075499999999994","0,0",31
2022-10-01,spotify,Oceania,Micronesia,"9,0","0,0054385","0,0",3
2022-10-01,youtube,Oceania,Micronesia,"3153,0","0,07849400000000001","0,0",75
2022-10-01,facebook,Africa,Middle Africa,"36,0","0,009385999999999999","0,0",19
2022-10-01,spotify,Africa,Middle Africa,"2756,0","0,330571","0,0",243
2022-10-01,tiktok,Africa,Middle Africa,"103,0","0,07206400000000002","0,0",49
2022-10-01,youtube,Africa,Middle Africa,"67434,0","0,0","0,0",626
2022-10-01,facebook,Africa,Northern Africa,"1615,0","0,7147125000000001","0,0",381
2022-10-01,spotify,Africa,Northern Africa,"5812,0","1,2871219999999999","0,0",315
2022-10-01,tiktok,Africa,Northern Africa,"374,0","0,26168549999999996","0,0",83
2022-10-01,youtube,Africa,Northern Africa,"27411,0","0,6461279999999998","0,0",829
2022-10-01,amazon,Americas,Northern America,"116491,0","627,6552600000005","0,0",2134
2022-10-01,facebook,Americas,Northern America,"36859,0","125,00684500000014","0,0",2167
2022-10-01,spotify,Americas,Northern America,"903744,0","1650,2475419999985","0,0",4038
2022-10-01,tiktok,Americas,Northern America,"10533,0","7,3701375","0,0",352
2022-10-01,youtube,Americas,Northern America,"1443084,0","2087,4324159999983","0,0",6786
2022-10-01,amazon,Europe,Northern Europe,"18019,0","116,23374300000003","0,0",410
2022-10-01,facebook,Europe,Northern Europe,"1767,0","8,030245000000003","0,0",746
2022-10-01,spotify,Europe,Northern Europe,"275413,0","619,261772","0,0",3331
2022-10-01,tiktok,Europe,Northern Europe,"1473,0","1,0306735","0,0",134
2022-10-01,youtube,Europe,Northern Europe,"107092,0","72,1872915","0,0",3815
2022-10-01,facebook,Oceania,Polynesia,"196,0","0,05637299999999999","0,0",22
2022-10-01,spotify,Oceania,Polynesia,"1,0","0,0003395","0,0",1
2022-10-01,tiktok,Oceania,Polynesia,"4,0","0,0027985","0,0",3
2022-10-01,youtube,Oceania,Polynesia,"610,0","0,010834500000000002","0,0",98
2022-10-01,amazon,Americas,South America,"206613,0","192,40248149999985","0,0",3269
2022-10-01,facebook,Americas,South America,"853575,0","1046,8449865000005","0,0",6480
2022-10-01,spotify,Americas,South America,"12562773,0","7779,74870899999","0,0",11612
2022-10-01,tiktok,Americas,South America,"238726,0","248,7017444999999","0,0",1406
2022-10-01,youtube,Americas,South America,"38458617,0","4121,701021499999","0,0",21883
2022-10-01,facebook,Asia,South-Eastern Asia,"8390,0","14,492176999999995","0,0",912
2022-10-01,spotify,Asia,South-Eastern Asia,"103452,0","49,899664499999986","0,0",1073
2022-10-01,tiktok,Asia,South-Eastern Asia,"882,0","0,6171365000000001","0,0",120
2022-10-01,youtube,Asia,South-Eastern Asia,"102811,0","7,1391585","0,0",2345
2022-10-01,facebook,Africa,Southern Africa,"501,0","1,5586355000000005","0,0",148
2022-10-01,spotify,Africa,Southern Africa,"11400,0","6,150487000000001","0,0",362
2022-10-01,tiktok,Africa,Southern Africa,"286,0","0,20011749999999998","0,0",32
2022-10-01,youtube,Africa,Southern Africa,"22118,0","4,156511","0,0",733
2022-10-01,facebook,Asia,Southern Asia,"4241,0","0,5367540000000002","0,0",541
2022-10-01,spotify,Asia,Southern Asia,"38065,0","11,842317999999999","0,0",570
2022-10-01,tiktok,Asia,Southern Asia,"2218,0","1,5519790000000002","0,0",53
2022-10-01,youtube,Asia,Southern Asia,"135663,0","5,999044499999999","0,0",1599
2022-10-01,amazon,Europe,Southern Europe,"5653,0","25,9854835","0,0",511
2022-10-01,facebook,Europe,Southern Europe,"26419,0","45,12861200000001","0,0",1906
2022-10-01,spotify,Europe,Southern Europe,"786195,0","674,1691699999997","0,0",3915
2022-10-01,tiktok,Europe,Southern Europe,"3504,0","2,4518015000000006","0,0",241
2022-10-01,youtube,Europe,Southern Europe,"444395,0","134,15726799999993","0,0",6093
2022-10-01,facebook,Africa,Western Africa,"5135,0","10,227990500000006","0,0",282
2022-10-01,spotify,Africa,Western Africa,"7118,0","1,2143225","0,0",283
2022-10-01,tiktok,Africa,Western Africa,"845,0","0,5912529999999999","0,0",95
2022-10-01,youtube,Africa,Western Africa,"54653,0","1,007153","0,0",915
2022-10-01,facebook,Asia,Western Asia,"-6810,0","4,031266","0,0",700
2022-10-01,spotify,Asia,Western Asia,"312672,0","74,1649705","0,0",1416
2022-10-01,tiktok,Asia,Western Asia,"4735,0","3,3131655000000007","0,0",177
2022-10-01,youtube,Asia,Western Asia,"1464614,0","326,53650549999986","0,0",2703
2022-10-01,amazon,Europe,Western Europe,"4701,0","17,701625000000003","0,0",483
2022-10-01,facebook,Europe,Western Europe,"5263,0","17,388223000000007","0,0",1209
2022-10-01,spotify,Europe,Western Europe,"269642,0","450,8095375000001","0,0",4341
2022-10-01,tiktok,Europe,Western Europe,"1614,0","1,1293265","0,0",198
2022-10-01,youtube,Europe,Western Europe,"175998,0","111,77139449999996","0,0",5466
2022-10-01,youtube,Polar,,"1,0","0,0","0,0",1
2022-10-01,facebook,,,"9520,0","8,985127000000013","0,0",6518
2022-10-01,youtube,,,"35752,0","880,8570339999993","527,0",577
2022-11-01,amazon,Oceania,Australia and New Zealand,"256,0","1,0315095","0,0",64
2022-11-01,facebook,Oceania,Australia and New Zealand,"1071,0","4,157068499999999","0,0",364
2022-11-01,spotify,Oceania,Australia and New Zealand,"138821,0","200,0010335000001","0,0",1649
2022-11-01,tiktok,Oceania,Australia and New Zealand,"591,0","0,411647","0,0",37
2022-11-01,youtube,Oceania,Australia and New Zealand,"36861,0","38,500629","0,0",1247
2022-11-01,amazon,Americas,Caribbean,"77,0","0,32999249999999997","0,0",17
2022-11-01,facebook,Americas,Caribbean,"29552,0","13,369808999999997","0,0",805
2022-11-01,spotify,Americas,Caribbean,"24261,0","18,056983499999998","0,0",732
2022-11-01,tiktok,Americas,Caribbean,"2059,0","1,434144","0,0",161
2022-11-01,youtube,Americas,Caribbean,"844818,0","22,877759999999995","0,0",2675
2022-11-01,amazon,Americas,Central America,"37758,0","48,01110900000001","0,0",1706
2022-11-01,facebook,Americas,Central America,"569536,0","146,81082949999998","0,0",4140
2022-11-01,spotify,Americas,Central America,"3165448,0","1968,5446445000007","0,0",6183
2022-11-01,tiktok,Americas,Central America,"12815,0","8,925992","0,0",611
2022-11-01,youtube,Americas,Central America,"1681553,0","332,5184399999999","0,0",8694
2022-11-01,facebook,Asia,Central Asia,"5901,0","2,9720495000000007","0,0",282
2022-11-01,spotify,Asia,Central Asia,"12668,0","3,707142499999999","0,0",352
2022-11-01,tiktok,Asia,Central Asia,"1222,0","0,8511519999999999","0,0",114
2022-11-01,youtube,Asia,Central Asia,"224813,0","6,842882","0,0",491
2022-11-01,facebook,Africa,Eastern Africa,"3340,0","0,967709","0,0",278
2022-11-01,spotify,Africa,Eastern Africa,"17337,0","4,101052999999999","0,0",580
2022-11-01,tiktok,Africa,Eastern Africa,"1220,0","0,8497615","0,0",113
2022-11-01,youtube,Africa,Eastern Africa,"406590,0","7,458212000000002","0,0",1084
2022-11-01,amazon,Asia,Eastern Asia,"885,0","1,9966684999999997","0,0",171
2022-11-01,facebook,Asia,Eastern Asia,"2236,0","5,297646500000001","0,0",629
2022-11-01,spotify,Asia,Eastern Asia,"44196,0","49,808907999999946","0,0",1451
2022-11-01,tiktok,Asia,Eastern Asia,"193,0","0,13442749999999998","0,0",58
2022-11-01,youtube,Asia,Eastern Asia,"63849,0","71,20545050000001","0,0",2345
2022-11-01,amazon,Europe,Eastern Europe,"27,0","0,0812605","0,0",14
2022-11-01,facebook,Europe,Eastern Europe,"3789,0","4,063048999999999","0,0",926
2022-11-01,spotify,Europe,Eastern Europe,"279302,0","97,93068449999998","0,0",2460
2022-11-01,tiktok,Europe,Eastern Europe,"2134,0","1,4863844999999996","0,0",190
2022-11-01,youtube,Europe,Eastern Europe,"1469611,0","58,472252999999995","0,0",4619
2022-11-01,facebook,Oceania,Melanesia,"299,0","0,10516350000000001","0,0",35
2022-11-01,spotify,Oceania,Melanesia,"195,0","0,1381855","0,0",40
2022-11-01,tiktok,Oceania,Melanesia,"5,0","0,0034825","0,0",4
2022-11-01,youtube,Oceania,Melanesia,"1482,0","0,010378499999999999","0,0",163
2022-11-01,facebook,Oceania,Micronesia,"76,0","0,059728500000000004","0,0",35
2022-11-01,spotify,Oceania,Micronesia,"31,0","0,0196315","0,0",3
2022-11-01,tiktok,Oceania,Micronesia,"1,0","0,0006965","0,0",1
2022-11-01,youtube,Oceania,Micronesia,"546,0","0,0581775","0,0",76
2022-11-01,facebook,Africa,Middle Africa,"2116,0","0,31969000000000003","0,0",34
2022-11-01,spotify,Africa,Middle Africa,"4323,0","0,6423135","0,0",331
2022-11-01,tiktok,Africa,Middle Africa,"1830,0","1,2746415","0,0",108
2022-11-01,youtube,Africa,Middle Africa,"43705,0","0,0","0,0",696
2022-11-01,facebook,Africa,Northern Africa,"16938,0","9,65403","0,0",618
2022-11-01,spotify,Africa,Northern Africa,"13644,0","3,01995","0,0",403
2022-11-01,tiktok,Africa,Northern Africa,"2276,0","1,5852954999999997","0,0",104
2022-11-01,youtube,Africa,Northern Africa,"26794,0","0,531502","0,0",873
2022-11-01,amazon,Americas,Northern America,"88348,0","370,642964","0,0",2597
2022-11-01,facebook,Americas,Northern America,"1988661,0","3015,846151999997","0,0",3083
2022-11-01,spotify,Americas,Northern America,"1663651,0","2211,6622390000043","0,0",5697
2022-11-01,tiktok,Americas,Northern America,"23266,0","16,205429500000008","0,0",494
2022-11-01,youtube,Americas,Northern America,"1728455,0","3145,1163985000003","0,0",7605
2022-11-01,amazon,Europe,Northern Europe,"12313,0","60,75124600000001","0,0",519
2022-11-01,facebook,Europe,Northern Europe,"5478,0","12,208169000000002","0,0",1069
2022-11-01,spotify,Europe,Northern Europe,"555396,0","1233,448459500001","0,0",4782
2022-11-01,tiktok,Europe,Northern Europe,"3006,0","2,0937544999999993","0,0",205
2022-11-01,youtube,Europe,Northern Europe,"154886,0","128,434513","0,0",4054
2022-11-01,facebook,Oceania,Polynesia,"64,0","0,0383615","0,0",24
2022-11-01,spotify,Oceania,Polynesia,"3,0","0,001008","0,0",1
2022-11-01,tiktok,Oceania,Polynesia,"10,0","0,006965","0,0",5
2022-11-01,youtube,Oceania,Polynesia,"772,0","0,058062","0,0",111
2022-11-01,amazon,Americas,South America,"325990,0","387,58613149999985","0,0",4356
2022-11-01,facebook,Americas,South America,"2186125,0","1992,7260680000004","0,0",9593
2022-11-01,spotify,Americas,South America,"8454975,0","5184,461618000013","0,0",16579
2022-11-01,tiktok,Americas,South America,"192370,0","181,56040749999988","0,0",2003
2022-11-01,youtube,Americas,South America,"50279256,0","6641,041055500005","0,0",25033
2022-11-01,facebook,Asia,South-Eastern Asia,"22119,0","12,544592999999999","0,0",1489
2022-11-01,spotify,Asia,South-Eastern Asia,"38020,0","16,767556499999976","0,0",1569
2022-11-01,tiktok,Asia,South-Eastern Asia,"2469,0","1,7197209999999996","0,0",177
2022-11-01,youtube,Asia,South-Eastern Asia,"293628,0","36,0626005","0,0",2466
2022-11-01,facebook,Africa,Southern Africa,"9257,0","2,692944","0,0",225
2022-11-01,spotify,Africa,Southern Africa,"11617,0","6,162310500000001","0,0",527
2022-11-01,tiktok,Africa,Southern Africa,"302,0","0,210349","0,0",57
2022-11-01,youtube,Africa,Southern Africa,"54815,0","9,35089","0,0",805
2022-11-01,facebook,Asia,Southern Asia,"17799,0","0,17973900000000204","0,0",860
2022-11-01,spotify,Asia,Southern Asia,"54755,0","18,139930000000003","0,0",879
2022-11-01,tiktok,Asia,Southern Asia,"11430,0","7,961326500000002","0,0",66
2022-11-01,youtube,Asia,Southern Asia,"265786,0","10,1190705","0,0",1761
2022-11-01,amazon,Europe,Southern Europe,"15346,0","32,753785","0,0",835
2022-11-01,facebook,Europe,Southern Europe,"97039,0","148,47581649999992","0,0",2733
2022-11-01,spotify,Europe,Southern Europe,"547704,0","453,2292320000002","0,0",5589
2022-11-01,tiktok,Europe,Southern Europe,"42525,0","29,619887500000004","0,0",392
2022-11-01,youtube,Europe,Southern Europe,"665040,0","211,5734324999999","0,0",6445
2022-11-01,facebook,Africa,Western Africa,"39599,0","21,668141499999997","0,0",527
2022-11-01,spotify,Africa,Western Africa,"52356,0","9,836693000000002","0,0",495
2022-11-01,tiktok,Africa,Western Africa,"20298,0","14,1381405","0,0",161
2022-11-01,youtube,Africa,Western Africa,"104619,0","10,368966499999999","0,0",1040
2022-11-01,facebook,Asia,Western Asia,"65919,0","24,813218499999998","0,0",1184
2022-11-01,spotify,Asia,Western Asia,"175165,0","49,121559000000055","0,0",2097
2022-11-01,tiktok,Asia,Western Asia,"25966,0","18,086063500000005","0,0",265
2022-11-01,youtube,Asia,Western Asia,"411539,0","55,47417800000001","0,0",3115
2022-11-01,amazon,Europe,Western Europe,"4371,0","19,398712000000003","0,0",607
2022-11-01,facebook,Europe,Western Europe,"5513,0","20,010076000000012","0,0",1710
2022-11-01,spotify,Europe,Western Europe,"449139,0","793,053433499999","0,0",6223
2022-11-01,tiktok,Europe,Western Europe,"12387,0","8,627895000000002","0,0",280
2022-11-01,youtube,Europe,Western Europe,"392120,0","334,77998349999996","0,0",5933
2022-11-01,facebook,,,"13644,0","14,9021244999998","0,0",9193
2022-11-01,youtube,,,"29651,0","678,3366699999996","526,0",604
2022-12-01,amazon,Oceania,Australia and New Zealand,"458,0","1,139313","0,0",71
2022-12-01,facebook,Oceania,Australia and New Zealand,"497,0","3,4863675000000005","0,0",232
2022-12-01,spotify,Oceania,Australia and New Zealand,"82283,0","136,32283499999997","0,0",1144
2022-12-01,tiktok,Oceania,Australia and New Zealand,"355,0","0,21035350000000003","0,0",21
2022-12-01,youtube,Oceania,Australia and New Zealand,"24411,0","30,612375500000002","0,0",1211
2022-12-01,amazon,Americas,Caribbean,"229,0","0,8844040000000001","0,0",17
2022-12-01,facebook,Americas,Caribbean,"14998,0","-5,927814500000001","0,0",510
2022-12-01,spotify,Americas,Caribbean,"33177,0","24,658503000000003","0,0",530
2022-12-01,tiktok,Americas,Caribbean,"27780,0","16,4609465","0,0",97
2022-12-01,youtube,Americas,Caribbean,"392024,0","21,301232499999998","0,0",2455
2022-12-01,amazon,Americas,Central America,"71464,0","107,04353449999995","0,0",1730
2022-12-01,facebook,Americas,Central America,"634593,0","251,92951800000012","0,0",2775
2022-12-01,spotify,Americas,Central America,"1674891,0","901,0521040000017","0,0",4199
2022-12-01,tiktok,Americas,Central America,"10126,0","6,000105500000002","0,0",394
2022-12-01,youtube,Americas,Central America,"871231,0","179,59023050000027","0,0",8104
2022-12-01,facebook,Asia,Central Asia,"1636,0","0,503487","0,0",189
2022-12-01,spotify,Asia,Central Asia,"11936,0","3,5516505","0,0",246
2022-12-01,tiktok,Asia,Central Asia,"6164,0","3,6524540000000005","0,0",70
2022-12-01,youtube,Asia,Central Asia,"117674,0","0,005199500000000001","0,0",447
2022-12-01,facebook,Africa,Eastern Africa,"3152,0","0,5963884999999999","0,0",144
2022-12-01,spotify,Africa,Eastern Africa,"10059,0","2,724627999999999","0,0",395
2022-12-01,tiktok,Africa,Eastern Africa,"5138,0","3,044502500000001","0,0",73
2022-12-01,youtube,Africa,Eastern Africa,"99815,0","0,43179750000000006","0,0",1011
2022-12-01,amazon,Asia,Eastern Asia,"531,0","1,8006360000000001","0,0",175
2022-12-01,facebook,Asia,Eastern Asia,"1875,0","2,0691855","0,0",371
2022-12-01,spotify,Asia,Eastern Asia,"22108,0","19,65105949999999","0,0",928
2022-12-01,tiktok,Asia,Eastern Asia,"43,0","0,025478000000000004","0,0",21
2022-12-01,youtube,Asia,Eastern Asia,"298265,0","593,2529645","0,0",2261
2022-12-01,amazon,Europe,Eastern Europe,"17,0","0,0650915","0,0",8
2022-12-01,facebook,Europe,Eastern Europe,"3108,0","3,0896449999999995","0,0",599
2022-12-01,spotify,Europe,Eastern Europe,"120430,0","50,55536399999997","0,0",1657
2022-12-01,tiktok,Europe,Eastern Europe,"3351,0","1,9856149999999997","0,0",127
2022-12-01,youtube,Europe,Eastern Europe,"1233626,0","44,143615000000004","0,0",4602
2022-12-01,facebook,Oceania,Melanesia,"316,0","0,12432399999999998","0,0",35
2022-12-01,spotify,Oceania,Melanesia,"289,0","0,1023975","0,0",23
2022-12-01,tiktok,Oceania,Melanesia,"48,0","0,028441499999999998","0,0",7
2022-12-01,youtube,Oceania,Melanesia,"12022,0","0,031445499999999994","0,0",152
2022-12-01,facebook,Oceania,Micronesia,"73,0","0,0602795","0,0",29
2022-12-01,spotify,Oceania,Micronesia,"32,0","0,019627500000000003","0,0",4
2022-12-01,youtube,Oceania,Micronesia,"2107,0","0,07493849999999999","0,0",100
2022-12-01,facebook,Africa,Middle Africa,"64,0","0,001711500000000002","0,0",17
2022-12-01,spotify,Africa,Middle Africa,"5509,0","0,7091804999999999","0,0",249
2022-12-01,tiktok,Africa,Middle Africa,"3304,0","1,957771","0,0",67
2022-12-01,youtube,Africa,Middle Africa,"28972,0","0,0","0,0",632
2022-12-01,facebook,Africa,Northern Africa,"17736,0","-17,6613695","0,0",403
2022-12-01,spotify,Africa,Northern Africa,"4237,0","0,7609444999999998","0,0",269
2022-12-01,tiktok,Africa,Northern Africa,"346,0","0,20501750000000002","0,0",52
2022-12-01,youtube,Africa,Northern Africa,"21773,0","0,717786","0,0",779
2022-12-01,amazon,Americas,Northern America,"100949,0","441,82064600000064","0,0",2572
2022-12-01,facebook,Americas,Northern America,"376786,0","707,2957400000001","0,0",1918
2022-12-01,spotify,Americas,Northern America,"1532462,0","2837,363134499996","0,0",3771
2022-12-01,tiktok,Americas,Northern America,"7853,0","4,653255","0,0",284
2022-12-01,youtube,Americas,Northern America,"1343183,0","2135,3250865000014","0,0",7017
2022-12-01,amazon,Europe,Northern Europe,"15291,0","90,02003749999997","0,0",539
2022-12-01,facebook,Europe,Northern Europe,"1741,0","5,772265000000001","0,0",609
2022-12-01,spotify,Europe,Northern Europe,"337260,0","762,6483275000002","0,0",3103
2022-12-01,tiktok,Europe,Northern Europe,"2897,0","1,7166009999999998","0,0",116
2022-12-01,youtube,Europe,Northern Europe,"81969,0","74,49421950000001","0,0",3962
2022-12-01,facebook,Oceania,Polynesia,"768,0","0,20498000000000002","0,0",24
2022-12-01,spotify,Oceania,Polynesia,"9,0","0,00341","0,0",5
2022-12-01,youtube,Oceania,Polynesia,"410,0","0,021618500000000002","0,0",102
2022-12-01,amazon,Americas,South America,"184049,0","180,4553749999998","0,0",4298
2022-12-01,facebook,Americas,South America,"1376568,0","1633,241336999999","0,0",5863
2022-12-01,spotify,Americas,South America,"6054453,0","3191,4564665000007","0,0",10525
2022-12-01,tiktok,Americas,South America,"162119,0","114,49332750000008","0,0",1226
2022-12-01,youtube,Americas,South America,"20038276,0","2438,8919050000013","0,0",22312
2022-12-01,facebook,Asia,South-Eastern Asia,"44451,0","23,295442000000005","0,0",919
2022-12-01,spotify,Asia,South-Eastern Asia,"38275,0","17,286923499999993","0,0",1020
2022-12-01,tiktok,Asia,South-Eastern Asia,"4353,0","2,57935","0,0",107
2022-12-01,youtube,Asia,South-Eastern Asia,"162431,0","42,247868000000004","0,0",2323
2022-12-01,facebook,Africa,Southern Africa,"531,0","0,42333399999999993","0,0",133
2022-12-01,spotify,Africa,Southern Africa,"6775,0","3,2195225","0,0",323
2022-12-01,tiktok,Africa,Southern Africa,"965,0","0,5718049999999999","0,0",38
2022-12-01,youtube,Africa,Southern Africa,"63316,0","7,620989499999999","0,0",709
2022-12-01,facebook,Asia,Southern Asia,"99030,0","11,604341499999997","0,0",568
2022-12-01,spotify,Asia,Southern Asia,"16841,0","6,094786999999999","0,0",629
2022-12-01,tiktok,Asia,Southern Asia,"157,0","0,093027","0,0",42
2022-12-01,youtube,Asia,Southern Asia,"182109,0","8,788912999999997","0,0",1649
2022-12-01,amazon,Europe,Southern Europe,"15413,0","37,91488550000001","0,0",808
2022-12-01,facebook,Europe,Southern Europe,"22311,0","102,72037849999991","0,0",1834
2022-12-01,spotify,Europe,Southern Europe,"739176,0","638,8796780000013","0,0",3595
2022-12-01,tiktok,Europe,Southern Europe,"5743,0","3,4029829999999994","0,0",228
2022-12-01,youtube,Europe,Southern Europe,"505956,0","140,03182600000005","0,0",6278
2022-12-01,facebook,Africa,Western Africa,"2807,0","2,3597149999999996","0,0",304
2022-12-01,spotify,Africa,Western Africa,"127772,0","24,592480000000005","0,0",299
2022-12-01,tiktok,Africa,Western Africa,"11418,0","6,765692999999999","0,0",91
2022-12-01,youtube,Africa,Western Africa,"58954,0","1,6636734999999998","0,0",913
2022-12-01,facebook,Asia,Western Asia,"78371,0","46,69168099999996","0,0",753
2022-12-01,spotify,Asia,Western Asia,"871770,0","173,21825549999997","0,0",1380
2022-12-01,tiktok,Asia,Western Asia,"2457,0","1,4558789999999995","0,0",152
2022-12-01,youtube,Asia,Western Asia,"248277,0","56,65543150000001","0,0",3065
2022-12-01,amazon,Europe,Western Europe,"4545,0","12,585348500000002","0,0",605
2022-12-01,facebook,Europe,Western Europe,"17431,0","32,7242365","0,0",1099
2022-12-01,spotify,Europe,Western Europe,"225851,0","379,70080550000006","0,0",4005
2022-12-01,tiktok,Europe,Western Europe,"1445,0","0,8562209999999999","0,0",142
2022-12-01,youtube,Europe,Western Europe,"153134,0","111,69860799999998","0,0",5698
2022-12-01,youtube,Polar,,"3,0","0,0","0,0",2
2022-12-01,facebook,,,"13785,0","11,075158500000041","0,0",5834
2022-12-01,youtube,,,"29592,0","308,44578650000005","519,0",640
2023-01-01,amazon,Oceania,Australia and New Zealand,"152,0","0,8885265","0,0",36
2023-01-01,facebook,Oceania,Australia and New Zealand,"538,0","13,526296","0,0",188
2023-01-01,spotify,Oceania,Australia and New Zealand,"68299,0","129,208907","0,0",526
2023-01-01,tiktok,Oceania,Australia and New Zealand,"273,0","1,4603575","0,0",19
2023-01-01,youtube,Oceania,Australia and New Zealand,"24584,0","49,03648200000001","0,0",778
2023-01-01,amazon,Americas,Caribbean,"40,0","0,130875","0,0",12
2023-01-01,facebook,Americas,Caribbean,"38630,0","24,867985500000003","0,0",396
2023-01-01,spotify,Americas,Caribbean,"20844,0","14,890091500000004","0,0",310
2023-01-01,tiktok,Americas,Caribbean,"4859,0","7,937673","0,0",81
2023-01-01,youtube,Americas,Caribbean,"266983,0","5,342886","0,0",1488
2023-01-01,amazon,Americas,Central America,"11630,0","11,311649999999997","0,0",1047
2023-01-01,facebook,Americas,Central America,"58422,0","44,759562500000015","0,0",1499
2023-01-01,spotify,Americas,Central America,"380108,0","221,0100829999999","0,0",1907
2023-01-01,tiktok,Americas,Central America,"7898,0","13,401505499999999","0,0",227
2023-01-01,youtube,Americas,Central America,"605432,0","53,05261250000002","0,0",4875
2023-01-01,facebook,Asia,Central Asia,"1346,0","1,0131045000000003","0,0",141
2023-01-01,spotify,Asia,Central Asia,"24611,0","7,6228995","0,0",155
2023-01-01,tiktok,Asia,Central Asia,"943,0","1,0988255000000002","0,0",42
2023-01-01,youtube,Asia,Central Asia,"170958,0","0,042948","0,0",342
2023-01-01,facebook,Africa,Eastern Africa,"9750,0","2,836827","0,0",215
2023-01-01,spotify,Africa,Eastern Africa,"12900,0","3,0742624999999997","0,0",338
2023-01-01,tiktok,Africa,Eastern Africa,"6784,0","3,3493199999999996","0,0",96
2023-01-01,youtube,Africa,Eastern Africa,"211543,0","4,570627","0,0",691
2023-01-01,amazon,Asia,Eastern Asia,"486,0","1,874284","0,0",124
2023-01-01,facebook,Asia,Eastern Asia,"475,0","1,0163215","0,0",227
2023-01-01,spotify,Asia,Eastern Asia,"12847,0","13,002904000000001","0,0",417
2023-01-01,tiktok,Asia,Eastern Asia,"51,0","0,180917","0,0",19
2023-01-01,youtube,Asia,Eastern Asia,"14723,0","14,0818295","0,0",1236
2023-01-01,amazon,Europe,Eastern Europe,"5,0","0,015669500000000003","0,0",5
2023-01-01,facebook,Europe,Eastern Europe,"4518,0","4,793233000000001","0,0",416
2023-01-01,spotify,Europe,Eastern Europe,"112700,0","51,14705750000001","0,0",881
2023-01-01,tiktok,Europe,Eastern Europe,"841,0","1,5706265000000004","0,0",96
2023-01-01,youtube,Europe,Eastern Europe,"352147,0","36,216248500000006","0,0",3078
2023-01-01,facebook,Oceania,Melanesia,"1022,0","0,3009795","0,0",36
2023-01-01,spotify,Oceania,Melanesia,"160,0","0,043049500000000004","0,0",35
2023-01-01,tiktok,Oceania,Melanesia,"23,0","0,0174065","0,0",8
2023-01-01,youtube,Oceania,Melanesia,"5494,0","0,055931","0,0",118
2023-01-01,facebook,Oceania,Micronesia,"77,0","0,0405225","0,0",19
2023-01-01,spotify,Oceania,Micronesia,"15,0","0,0566725","0,0",4
2023-01-01,youtube,Oceania,Micronesia,"1369,0","0,086691","0,0",61
2023-01-01,facebook,Africa,Middle Africa,"282,0","0,041898","0,0",36
2023-01-01,spotify,Africa,Middle Africa,"1381,0","0,20686800000000005","0,0",163
2023-01-01,tiktok,Africa,Middle Africa,"2387,0","1,0201809999999998","0,0",68
2023-01-01,youtube,Africa,Middle Africa,"23507,0","0,0","0,0",377
2023-01-01,facebook,Africa,Northern Africa,"2971,0","2,1789085","0,0",269
2023-01-01,spotify,Africa,Northern Africa,"13523,0","3,433511","0,0",213
2023-01-01,tiktok,Africa,Northern Africa,"1107,0","0,7005654999999998","0,0",48
2023-01-01,youtube,Africa,Northern Africa,"19718,0","0,34484149999999997","0,0",519
2023-01-01,amazon,Americas,Northern America,"65947,0","329,3545295000002","0,0",1738
2023-01-01,facebook,Americas,Northern America,"33070,0","87,51208500000001","0,0",1275
2023-01-01,spotify,Americas,Northern America,"535106,0","740,6931810000002","0,0",1747
2023-01-01,tiktok,Americas,Northern America,"14088,0","90,18041399999998","0,0",228
2023-01-01,youtube,Americas,Northern America,"691736,0","1025,3423829999992","0,0",3853
2023-01-01,amazon,Europe,Northern Europe,"3714,0","19,1726105","0,0",397
2023-01-01,facebook,Europe,Northern Europe,"1704,0","5,209254499999999","0,0",459
2023-01-01,spotify,Europe,Northern Europe,"84707,0","178,42754650000006","0,0",1538
2023-01-01,tiktok,Europe,Northern Europe,"1398,0","6,872467500000002","0,0",92
2023-01-01,youtube,Europe,Northern Europe,"107314,0","42,647757500000004","0,0",2488
2023-01-01,facebook,Oceania,Polynesia,"172,0","0,0327855","0,0",19
2023-01-01,spotify,Oceania,Polynesia,"3,0","0,0009505","0,0",2
2023-01-01,tiktok,Oceania,Polynesia,"16,0","0,010192999999999999","0,0",2
2023-01-01,youtube,Oceania,Polynesia,"621,0","0,044704","0,0",95
2023-01-01,amazon,Americas,South America,"86429,0","100,67800500000003","0,0",2300
2023-01-01,facebook,Americas,South America,"325721,0","423,2735495","0,0",3006
2023-01-01,spotify,Americas,South America,"2486389,0","1467,0139340000005","0,0",4981
2023-01-01,tiktok,Americas,South America,"99537,0","135,84976950000006","0,0",660
2023-01-01,youtube,Americas,South America,"7257495,0","837,4167474999999","1,0",11012
2023-01-01,facebook,Asia,South-Eastern Asia,"6492,0","7,8273090000000005","0,0",526
2023-01-01,spotify,Asia,South-Eastern Asia,"11237,0","4,785956000000001","0,0",549
2023-01-01,tiktok,Asia,South-Eastern Asia,"417,0","0,6080134999999999","0,0",54
2023-01-01,youtube,Asia,South-Eastern Asia,"37934,0","2,8169289999999996","0,0",1366
2023-01-01,facebook,Africa,Southern Africa,"10054,0","2,7989430000000004","0,0",173
2023-01-01,spotify,Africa,Southern Africa,"13689,0","5,395162999999999","0,0",243
2023-01-01,tiktok,Africa,Southern Africa,"806,0","0,7585955","0,0",35
2023-01-01,youtube,Africa,Southern Africa,"33358,0","7,078324500000001","0,0",546
2023-01-01,facebook,Asia,Southern Asia,"2319,0","1,8136329999999998","0,0",336
2023-01-01,spotify,Asia,Southern Asia,"11212,0","4,502387000000001","0,0",353
2023-01-01,tiktok,Asia,Southern Asia,"397,0","0,17048049999999998","0,0",28
2023-01-01,youtube,Asia,Southern Asia,"74064,0","1,3029294999999999","0,0",1020
2023-01-01,amazon,Europe,Southern Europe,"4686,0","9,716205000000002","0,0",429
2023-01-01,facebook,Europe,Southern Europe,"13771,0","26,428704000000003","0,0",1014
2023-01-01,spotify,Europe,Southern Europe,"465513,0","288,09118800000033","0,0",1664
2023-01-01,tiktok,Europe,Southern Europe,"22462,0","86,36273499999999","0,0",165
2023-01-01,youtube,Europe,Southern Europe,"130973,0","28,242470500000003","0,0",3355
2023-01-01,facebook,Africa,Western Africa,"7318,0","2,2493275","0,0",236
2023-01-01,spotify,Africa,Western Africa,"62937,0","9,9006725","0,0",298
2023-01-01,tiktok,Africa,Western Africa,"5146,0","3,113487","0,0",108
2023-01-01,youtube,Africa,Western Africa,"57786,0","5,035871499999999","0,0",804
2023-01-01,facebook,Asia,Western Asia,"54900,0","23,68418549999999","0,0",487
2023-01-01,spotify,Asia,Western Asia,"57407,0","14,758166999999997","0,0",712
2023-01-01,tiktok,Asia,Western Asia,"8499,0","9,2276505","0,0",148
2023-01-01,youtube,Asia,Western Asia,"222547,0","24,171669500000007","0,0",2155
2023-01-01,amazon,Europe,Western Europe,"2922,0","12,178715999999998","0,0",423
2023-01-01,facebook,Europe,Western Europe,"5561,0","18,838804500000002","0,0",744
2023-01-01,spotify,Europe,Western Europe,"484167,0","852,8985214999999","0,0",1943
2023-01-01,tiktok,Europe,Western Europe,"17824,0","89,699242","0,0",139
2023-01-01,youtube,Europe,Western Europe,"118358,0","66,47011649999999","0,0",3282
2023-01-01,youtube,Polar,,"11,0","0,0","0,0",1
2023-01-01,facebook,,,"4956,0","5,854673999999998","0,0",3615
2023-01-01,youtube,,,"8675,0","0,0","0,0",116
2023-02-01,amazon,Oceania,Australia and New Zealand,"255,0","1,4983239999999998","0,0",27
2023-02-01,facebook,Oceania,Australia and New Zealand,"520,0","1,3631435","0,0",144
2023-02-01,spotify,Oceania,Australia and New Zealand,"98065,0","193,41768299999998","0,0",626
2023-02-01,tiktok,Oceania,Australia and New Zealand,"32,0","0,1806085","0,0",12
2023-02-01,youtube,Oceania,Australia and New Zealand,"34187,0","85,6551985","0,0",649
2023-02-01,amazon,Americas,Caribbean,"51,0","0,2136585","0,0",9
2023-02-01,facebook,Americas,Caribbean,"32338,0","21,8129715","0,0",349
2023-02-01,spotify,Americas,Caribbean,"23108,0","16,8769225","0,0",326
2023-02-01,tiktok,Americas,Caribbean,"6328,0","11,088076","0,0",92
2023-02-01,youtube,Americas,Caribbean,"696607,0","28,038865499999993","0,0",1433
2023-02-01,amazon,Americas,Central America,"11388,0","12,239963500000004","0,0",853
2023-02-01,facebook,Americas,Central America,"54593,0","35,660999499999996","0,0",1458
2023-02-01,spotify,Americas,Central America,"606030,0","367,74928299999993","0,0",2368
2023-02-01,tiktok,Americas,Central America,"7619,0","13,846272","0,0",193
2023-02-01,youtube,Americas,Central America,"1684524,0","68,60574700000004","0,0",4643
2023-02-01,facebook,Asia,Central Asia,"882,0","0,7874080000000001","0,0",105
2023-02-01,spotify,Asia,Central Asia,"2487,0","0,6739745","0,0",149
2023-02-01,tiktok,Asia,Central Asia,"316,0","0,23851","0,0",39
2023-02-01,youtube,Asia,Central Asia,"5480445,0","34,042618999999995","0,0",329
2023-02-01,facebook,Africa,Eastern Africa,"9058,0","1,668627499999999","0,0",201
2023-02-01,spotify,Africa,Eastern Africa,"36039,0","9,366482000000003","0,0",419
2023-02-01,tiktok,Africa,Eastern Africa,"1755,0","0,6549425","0,0",102
2023-02-01,youtube,Africa,Eastern Africa,"667330,0","24,194705499999998","0,0",685
2023-02-01,amazon,Asia,Eastern Asia,"550,0","2,2513205000000003","0,0",92
2023-02-01,facebook,Asia,Eastern Asia,"738,0","1,5814085000000002","0,0",200
2023-02-01,spotify,Asia,Eastern Asia,"9924,0","8,936515500000002","0,0",452
2023-02-01,tiktok,Asia,Eastern Asia,"38,0","0,15206299999999998","0,0",16
2023-02-01,youtube,Asia,Eastern Asia,"29981,0","20,415005999999998","0,0",1200
2023-02-01,amazon,Europe,Eastern Europe,"2,0","0,011562","0,0",2
2023-02-01,facebook,Europe,Eastern Europe,"2449,0","2,7700694999999995","0,0",413
2023-02-01,spotify,Europe,Eastern Europe,"38257,0","25,154678999999998","0,0",879
2023-02-01,tiktok,Europe,Eastern Europe,"582,0","1,1752399999999998","0,0",73
2023-02-01,youtube,Europe,Eastern Europe,"591513,0","75,25564349999999","0,0",2890
2023-02-01,facebook,Oceania,Melanesia,"797,0","0,2510745","0,0",31
2023-02-01,spotify,Oceania,Melanesia,"418,0","0,1295105","0,0",40
2023-02-01,tiktok,Oceania,Melanesia,"71,0","0,029727","0,0",10
2023-02-01,youtube,Oceania,Melanesia,"6449,0","0,05374800000000001","0,0",136
2023-02-01,facebook,Oceania,Micronesia,"46,0","0,02087","0,0",16
2023-02-01,spotify,Oceania,Micronesia,"2,0","0,000976","0,0",2
2023-02-01,tiktok,Oceania,Micronesia,"1,0","0,0018985","0,0",1
2023-02-01,youtube,Oceania,Micronesia,"734,0","0,2509975","0,0",69
2023-02-01,facebook,Africa,Middle Africa,"350,0","0,0531165","0,0",11
2023-02-01,spotify,Africa,Middle Africa,"3981,0","0,5697185","0,0",173
2023-02-01,tiktok,Africa,Middle Africa,"1086,0","0,4905535","0,0",52
2023-02-01,youtube,Africa,Middle Africa,"95096,0","0,0","0,0",321
2023-02-01,facebook,Africa,Northern Africa,"3658,0","1,9570444999999999","0,0",239
2023-02-01,spotify,Africa,Northern Africa,"2075,0","0,47428650000000006","0,0",192
2023-02-01,tiktok,Africa,Northern Africa,"312,0","0,31452649999999993","0,0",29
2023-02-01,youtube,Africa,Northern Africa,"32808,0","0,6653259999999999","0,0",481
2023-02-01,amazon,Americas,Northern America,"85000,0","388,1364359999997","0,0",1513
2023-02-01,facebook,Americas,Northern America,"16611,0","75,13807200000002","0,0",1221
2023-02-01,spotify,Americas,Northern America,"1102353,0","1933,1294714999985","0,0",2208
2023-02-01,tiktok,Americas,Northern America,"8580,0","57,26766049999994","0,0",188
2023-02-01,youtube,Americas,Northern America,"1155780,0","2105,0403859999997","0,0",3819
2023-02-01,amazon,Europe,Northern Europe,"9053,0","79,363959","0,0",358
2023-02-01,facebook,Europe,Northern Europe,"1924,0","5,036120500000001","0,0",464
2023-02-01,spotify,Europe,Northern Europe,"115333,0","242,79734449999995","0,0",1675
2023-02-01,tiktok,Europe,Northern Europe,"582,0","2,9176119999999997","0,0",77
2023-02-01,youtube,Europe,Northern Europe,"147519,0","170,89582999999996","0,0",2272
2023-02-01,facebook,Oceania,Polynesia,"67,0","0,020277","0,0",17
2023-02-01,spotify,Oceania,Polynesia,"2,0","-9,9e-05","0,0",2
2023-02-01,youtube,Oceania,Polynesia,"2354,0","0,12230149999999998","0,0",71
2023-02-01,amazon,Americas,South America,"61094,0","74,604163","0,0",1592
2023-02-01,facebook,Americas,South America,"292194,0","477,47511699999995","0,0",3084
2023-02-01,spotify,Americas,South America,"3483465,0","2097,639348000003","0,0",5630
2023-02-01,tiktok,Americas,South America,"142253,0","224,73594800000012","0,0",700
2023-02-01,youtube,Americas,South America,"6757069,0","1501,2302699999989","0,0",10284
2023-02-01,facebook,Asia,South-Eastern Asia,"4774,0","4,396787999999999","0,0",471
2023-02-01,spotify,Asia,South-Eastern Asia,"18271,0","6,860525000000002","0,0",606
2023-02-01,tiktok,Asia,South-Eastern Asia,"325,0","0,469479","0,0",61
2023-02-01,youtube,Asia,South-Eastern Asia,"102417,0","13,437107000000003","0,0",1279
2023-02-01,facebook,Africa,Southern Africa,"1463,0","0,615803","0,0",122
2023-02-01,spotify,Africa,Southern Africa,"4966,0","2,299912","0,0",281
2023-02-01,tiktok,Africa,Southern Africa,"346,0","0,508637","0,0",45
2023-02-01,youtube,Africa,Southern Africa,"33554,0","6,6699535","0,0",506
2023-02-01,facebook,Asia,Southern Asia,"6645,0","2,5201895","0,0",330
2023-02-01,spotify,Asia,Southern Asia,"75755,0","28,120523499999994","0,0",418
2023-02-01,tiktok,Asia,Southern Asia,"859,0","0,4130155000000001","0,0",30
2023-02-01,youtube,Asia,Southern Asia,"136729,0","4,947739","0,0",849
2023-02-01,amazon,Europe,Southern Europe,"2236,0","7,806836999999998","0,0",419
2023-02-01,facebook,Europe,Southern Europe,"6777,0","27,60011300000001","0,0",1100
2023-02-01,spotify,Europe,Southern Europe,"114789,0","94,82452849999999","0,0",1810
2023-02-01,tiktok,Europe,Southern Europe,"4527,0","15,420320000000002","0,0",144
2023-02-01,youtube,Europe,Southern Europe,"182563,0","50,10054050000003","0,0",3120
2023-02-01,facebook,Africa,Western Africa,"24546,0","8,393100500000001","0,0",196
2023-02-01,spotify,Africa,Western Africa,"27202,0","5,211231","0,0",308
2023-02-01,tiktok,Africa,Western Africa,"712747,0","800,9917675","0,0",80
2023-02-01,youtube,Africa,Western Africa,"154657,0","19,942016499999994","0,0",734
2023-02-01,facebook,Asia,Western Asia,"33845,0","12,1309775","0,0",433
2023-02-01,spotify,Asia,Western Asia,"60548,0","17,047459500000002","0,0",782
2023-02-01,tiktok,Asia,Western Asia,"3551,0","4,2900469999999995","0,0",130
2023-02-01,youtube,Asia,Western Asia,"298219,0","65,712551","0,0",1923
2023-02-01,amazon,Europe,Western Europe,"1627,0","7,554539499999999","0,0",343
2023-02-01,facebook,Europe,Western Europe,"5119,0","12,349257500000002","0,0",696
2023-02-01,spotify,Europe,Western Europe,"547008,0","1014,2440389999999","0,0",2133
2023-02-01,tiktok,Europe,Western Europe,"1437,0","7,777398000000001","0,0",127
2023-02-01,youtube,Europe,Western Europe,"305542,0","356,22106599999995","0,0",2986
2023-02-01,youtube,Polar,,"2,0","0,0","0,0",1
2023-02-01,facebook,,,"4813,0","5,8600525000000045","0,0",3808
2023-02-01,youtube,,,"9350,0","0,0","0,0",132
2023-03-01,amazon,Oceania,Australia and New Zealand,"28,0","0,162502","0,0",18
2023-03-01,facebook,Oceania,Australia and New Zealand,"370,0","0,8849055","0,0",77
2023-03-01,spotify,Oceania,Australia and New Zealand,"31040,0","55,27037700000001","0,0",411
2023-03-01,tiktok,Oceania,Australia and New Zealand,"539,0","3,0620660000000006","0,0",18
2023-03-01,youtube,Oceania,Australia and New Zealand,"11884,0","21,827164","0,0",605
2023-03-01,amazon,Americas,Caribbean,"46,0","0,114106","0,0",6
2023-03-01,facebook,Americas,Caribbean,"2953,0","2,937114","0,0",235
2023-03-01,spotify,Americas,Caribbean,"60385,0","33,917784000000005","0,0",291
2023-03-01,tiktok,Americas,Caribbean,"5722,0","10,66163","0,0",105
2023-03-01,youtube,Americas,Caribbean,"336759,0","7,2138919999999995","0,0",1524
2023-03-01,amazon,Americas,Central America,"97856,0","48,8507525","0,0",642
2023-03-01,facebook,Americas,Central America,"57725,0","40,08979999999999","0,0",845
2023-03-01,spotify,Americas,Central America,"735971,0","453,9517849999996","0,0",1626
2023-03-01,tiktok,Americas,Central America,"5983,0","10,795537999999999","0,0",173
2023-03-01,youtube,Americas,Central America,"602715,0","93,62272100000003","0,0",4825
2023-03-01,facebook,Asia,Central Asia,"242,0","0,13579","0,0",51
2023-03-01,spotify,Asia,Central Asia,"11760,0","3,5391185","0,0",103
2023-03-01,tiktok,Asia,Central Asia,"185,0","0,21380699999999997","0,0",24
2023-03-01,youtube,Asia,Central Asia,"18827,0","0,000791","0,0",342
2023-03-01,facebook,Africa,Eastern Africa,"4445,0","0,790651","0,0",117
2023-03-01,spotify,Africa,Eastern Africa,"42487,0","9,399197499999998","0,0",343
2023-03-01,tiktok,Africa,Eastern Africa,"7061,0","3,377512999999999","0,0",113
2023-03-01,youtube,Africa,Eastern Africa,"698821,0","9,232628000000002","0,0",662
2023-03-01,amazon,Asia,Eastern Asia,"296,0","0,8719129999999999","0,0",84
2023-03-01,facebook,Asia,Eastern Asia,"348,0","1,0218969999999998","0,0",148
2023-03-01,spotify,Asia,Eastern Asia,"9002,0","7,513730499999999","0,0",336
2023-03-01,tiktok,Asia,Eastern Asia,"181,0","0,7154879999999999","0,0",25
2023-03-01,youtube,Asia,Eastern Asia,"34173,0","18,322415000000007","0,0",1222
2023-03-01,amazon,Europe,Eastern Europe,"3,0","0,009747","0,0",3
2023-03-01,facebook,Europe,Eastern Europe,"1504,0","1,1862405","0,0",232
2023-03-01,spotify,Europe,Eastern Europe,"31255,0","20,027504500000006","0,0",614
2023-03-01,tiktok,Europe,Eastern Europe,"340,0","0,6646040000000001","0,0",65
2023-03-01,youtube,Europe,Eastern Europe,"245592,0","26,779459999999986","0,0",2893
2023-03-01,facebook,Oceania,Melanesia,"81,0","0,035021","0,0",22
2023-03-01,spotify,Oceania,Melanesia,"323,0","0,12982500000000002","0,0",34
2023-03-01,tiktok,Oceania,Melanesia,"44,0","0,034447000000000005","0,0",10
2023-03-01,youtube,Oceania,Melanesia,"3271,0","0,025636000000000006","0,0",138
2023-03-01,facebook,Oceania,Micronesia,"8,0","0,0014910000000000001","0,0",3
2023-03-01,spotify,Oceania,Micronesia,"8,0","0,009417499999999999","0,0",4
2023-03-01,tiktok,Oceania,Micronesia,"3,0","0,002441","0,0",2
2023-03-01,youtube,Oceania,Micronesia,"581,0","0,05618099999999999","0,0",62
2023-03-01,facebook,Africa,Middle Africa,"34,0","0,0116695","0,0",12
2023-03-01,spotify,Africa,Middle Africa,"1254,0","0,16227350000000001","0,0",98
2023-03-01,tiktok,Africa,Middle Africa,"503,0","0,22580300000000003","0,0",52
2023-03-01,youtube,Africa,Middle Africa,"21745,0","0,0","0,0",373
2023-03-01,facebook,Africa,Northern Africa,"398,0","0,302852","0,0",116
2023-03-01,spotify,Africa,Northern Africa,"1866,0","0,4204150000000001","0,0",154
2023-03-01,tiktok,Africa,Northern Africa,"2175,0","0,8872785","0,0",29
2023-03-01,youtube,Africa,Northern Africa,"12811,0","0,408091","0,0",503
2023-03-01,amazon,Americas,Northern America,"21503,0","94,06430700000001","0,0",857
2023-03-01,facebook,Americas,Northern America,"11505,0","34,68260000000001","0,0",731
2023-03-01,spotify,Americas,Northern America,"194007,0","290,9033095000001","0,0",1394
2023-03-01,tiktok,Americas,Northern America,"2966,0","20,2165315","0,0",158
2023-03-01,youtube,Americas,Northern America,"992043,0","942,987017000001","0,0",3906
2023-03-01,amazon,Europe,Northern Europe,"1247,0","8,129636","0,0",179
2023-03-01,facebook,Europe,Northern Europe,"742,0","2,253252","0,0",246
2023-03-01,spotify,Europe,Northern Europe,"222586,0","533,7273185","0,0",1114
2023-03-01,tiktok,Europe,Northern Europe,"378,0","1,9859200000000001","0,0",60
2023-03-01,youtube,Europe,Northern Europe,"54802,0","51,0965275","0,0",2350
2023-03-01,facebook,Oceania,Polynesia,"39,0","0,014968000000000002","0,0",11
2023-03-01,spotify,Oceania,Polynesia,"4,0","0,0","0,0",1
2023-03-01,tiktok,Oceania,Polynesia,"10,0","0,008730499999999999","0,0",3
2023-03-01,youtube,Oceania,Polynesia,"6820,0","0,2643465","0,0",78
2023-03-01,amazon,Americas,South America,"32261,0","30,9157165","0,0",1081
2023-03-01,facebook,Americas,South America,"199046,0","214,1020655000001","0,0",1817
2023-03-01,spotify,Americas,South America,"2596081,0","1429,9269244999998","0,0",3959
2023-03-01,tiktok,Americas,South America,"67594,0","103,24655749999998","0,0",585
2023-03-01,youtube,Americas,South America,"8910876,0","1264,5240840000013","0,0",10796
2023-03-01,facebook,Asia,South-Eastern Asia,"4263,0","3,5190864999999993","0,0",287
2023-03-01,spotify,Asia,South-Eastern Asia,"12509,0","2,3359360000000002","0,0",427
2023-03-01,tiktok,Asia,South-Eastern Asia,"2187,0","2,3973625","0,0",36
2023-03-01,youtube,Asia,South-Eastern Asia,"38365,0","7,6837955000000004","0,0",1304
2023-03-01,facebook,Africa,Southern Africa,"1677,0","0,5802139999999999","0,0",83
2023-03-01,spotify,Africa,Southern Africa,"17275,0","6,0891795","0,0",226
2023-03-01,tiktok,Africa,Southern Africa,"799,0","1,177973","0,0",46
2023-03-01,youtube,Africa,Southern Africa,"40996,0","2,1131480000000002","0,0",543
2023-03-01,facebook,Asia,Southern Asia,"66637,0","2,04432","0,0",184
2023-03-01,spotify,Asia,Southern Asia,"54339,0","21,7665585","0,0",296
2023-03-01,tiktok,Asia,Southern Asia,"11579,0","5,6949654999999995","0,0",22
2023-03-01,youtube,Asia,Southern Asia,"122740,0","3,4611805","0,0",908
2023-03-01,amazon,Europe,Southern Europe,"15707,0","15,475480499999998","0,0",294
2023-03-01,facebook,Europe,Southern Europe,"4405,0","13,394737000000003","0,0",590
2023-03-01,spotify,Europe,Southern Europe,"390969,0","253,08537300000006","0,0",1324
2023-03-01,tiktok,Europe,Southern Europe,"3046,0","11,863966500000002","0,0",127
2023-03-01,youtube,Europe,Southern Europe,"284743,0","53,270741","0,0",3234
2023-03-01,facebook,Africa,Western Africa,"966,0","0,9971024999999999","0,0",125
2023-03-01,spotify,Africa,Western Africa,"13959,0","1,9402685","0,0",264
2023-03-01,tiktok,Africa,Western Africa,"2672,0","1,7460430000000002","0,0",94
2023-03-01,youtube,Africa,Western Africa,"179103,0","4,1182560000000015","0,0",745
2023-03-01,facebook,Asia,Western Asia,"4309,0","2,2050045000000007","0,0",261
2023-03-01,spotify,Asia,Western Asia,"59242,0","16,720954999999996","0,0",621
2023-03-01,tiktok,Asia,Western Asia,"5988,0","6,594951000000001","0,0",103
2023-03-01,youtube,Asia,Western Asia,"954773,0","279,836551","0,0",1967
2023-03-01,amazon,Europe,Western Europe,"2399,0","7,320749999999999","0,0",239
2023-03-01,facebook,Europe,Western Europe,"1501,0","4,6404715","0,0",434
2023-03-01,spotify,Europe,Western Europe,"207189,0","365,78820199999996","0,0",1472
2023-03-01,tiktok,Europe,Western Europe,"1448,0","7,475188000000001","0,0",118
2023-03-01,youtube,Europe,Western Europe,"208232,0","194,8785885","0,0",3264
2023-03-01,facebook,,,"3971,0","3,563091","0,0",2135
2023-03-01,youtube,,,"12149,0","0,0","0,0",151
2023-04-01,amazon,Oceania,Australia and New Zealand,"31,0","0,05217550000000001","0,0",15
2023-04-01,facebook,Oceania,Australia and New Zealand,"98,0","0,3928895","0,0",51
2023-04-01,spotify,Oceania,Australia and New Zealand,"62925,0","103,66992350000001","0,0",336
2023-04-01,tiktok,Oceania,Australia and New Zealand,"27,0","0,14392950000000002","0,0",4
2023-04-01,youtube,Oceania,Australia and New Zealand,"19134,0","15,831118499999997","0,0",430
2023-04-01,amazon,Americas,Caribbean,"23,0","0,091944","0,0",8
2023-04-01,facebook,Americas,Caribbean,"718,0","1,1154034999999998","0,0",170
2023-04-01,spotify,Americas,Caribbean,"4553,0","2,9345110000000005","0,0",210
2023-04-01,tiktok,Americas,Caribbean,"383,0","0,681439","0,0",35
2023-04-01,youtube,Americas,Caribbean,"313960,0","4,7165035","0,0",1040
2023-04-01,amazon,Americas,Central America,"7798,0","10,182709500000001","0,0",692
2023-04-01,facebook,Americas,Central America,"7456,0","20,6426545","0,0",673
2023-04-01,spotify,Americas,Central America,"142357,0","82,69559499999998","0,0",1383
2023-04-01,tiktok,Americas,Central America,"2797,0","4,73574","0,0",109
2023-04-01,youtube,Americas,Central America,"322600,0","58,269468000000025","0,0",3040
2023-04-01,facebook,Asia,Central Asia,"378,0","0,30086050000000003","0,0",51
2023-04-01,spotify,Asia,Central Asia,"1292,0","0,28653949999999995","0,0",102
2023-04-01,tiktok,Asia,Central Asia,"19,0","0,013034","0,0",8
2023-04-01,youtube,Asia,Central Asia,"15453,0","0,0","0,0",199
2023-04-01,facebook,Africa,Eastern Africa,"4505,0","0,872431","0,0",76
2023-04-01,spotify,Africa,Eastern Africa,"5702,0","0,8645375","0,0",196
2023-04-01,tiktok,Africa,Eastern Africa,"1226,0","0,5694865000000001","0,0",30
2023-04-01,youtube,Africa,Eastern Africa,"44074,0","0,3573455","0,0",425
2023-04-01,amazon,Asia,Eastern Asia,"172,0","0,4432404999999999","0,0",69
2023-04-01,facebook,Asia,Eastern Asia,"637,0","1,0837365","0,0",100
2023-04-01,spotify,Asia,Eastern Asia,"24200,0","19,481178999999994","0,0",266
2023-04-01,tiktok,Asia,Eastern Asia,"25,0","0,09360550000000001","0,0",11
2023-04-01,youtube,Asia,Eastern Asia,"62798,0","82,9990765","0,0",785
2023-04-01,amazon,Europe,Eastern Europe,"9,0","0,0315155","0,0",1
2023-04-01,facebook,Europe,Eastern Europe,"1267,0","1,141962","0,0",194
2023-04-01,spotify,Europe,Eastern Europe,"30349,0","12,008968000000003","0,0",588
2023-04-01,tiktok,Europe,Eastern Europe,"276,0","0,520106","0,0",31
2023-04-01,youtube,Europe,Eastern Europe,"445861,0","55,144473000000005","0,0",2083
2023-04-01,facebook,Oceania,Melanesia,"31,0","0,0228195","0,0",8
2023-04-01,spotify,Oceania,Melanesia,"20,0","0,004694500000000001","0,0",8
2023-04-01,youtube,Oceania,Melanesia,"1490,0","0,0","0,0",85
2023-04-01,facebook,Oceania,Micronesia,"9,0","0,0011605","0,0",2
2023-04-01,spotify,Oceania,Micronesia,"1,0","0,000627","0,0",1
2023-04-01,youtube,Oceania,Micronesia,"166,0","0,007673499999999999","0,0",36
2023-04-01,facebook,Africa,Middle Africa,"28,0","0,007523500000000001","0,0",8
2023-04-01,spotify,Africa,Middle Africa,"1971,0","0,26293999999999995","0,0",115
2023-04-01,tiktok,Africa,Middle Africa,"1206,0","0,5482595","0,0",17
2023-04-01,youtube,Africa,Middle Africa,"9184,0","0,0","0,0",249
2023-04-01,facebook,Africa,Northern Africa,"1374,0","0,7413339999999999","0,0",84
2023-04-01,spotify,Africa,Northern Africa,"1459,0","0,277024","0,0",93
2023-04-01,tiktok,Africa,Northern Africa,"651,0","0,8978665000000001","0,0",16
2023-04-01,youtube,Africa,Northern Africa,"10559,0","0,41739950000000003","0,0",299
2023-04-01,amazon,Americas,Northern America,"16150,0","66,30312149999999","0,0",980
2023-04-01,facebook,Americas,Northern America,"7220,0","22,22140299999999","0,0",570
2023-04-01,spotify,Americas,Northern America,"355071,0","390,4142095","0,0",1194
2023-04-01,tiktok,Americas,Northern America,"980,0","6,104088","0,0",96
2023-04-01,youtube,Americas,Northern America,"828432,0","446,5307359999998","0,0",2516
2023-04-01,amazon,Europe,Northern Europe,"1760,0","10,4728615","0,0",155
2023-04-01,facebook,Europe,Northern Europe,"498,0","1,3942229999999998","0,0",165
2023-04-01,spotify,Europe,Northern Europe,"112256,0","180,723005","0,0",917
2023-04-01,tiktok,Europe,Northern Europe,"63,0","0,31714400000000004","0,0",25
2023-04-01,youtube,Europe,Northern Europe,"74184,0","38,735080999999994","0,0",1625
2023-04-01,facebook,Oceania,Polynesia,"26,0","0,016425000000000002","0,0",10
2023-04-01,youtube,Oceania,Polynesia,"451,0","0,019612499999999998","0,0",58
2023-04-01,amazon,Americas,South America,"62245,0","74,65453699999998","0,0",1198
2023-04-01,facebook,Americas,South America,"162831,0","139,8312205","0,0",1434
2023-04-01,spotify,Americas,South America,"3830235,0","2089,0738235000026","0,0",3004
2023-04-01,tiktok,Americas,South America,"40589,0","61,336715000000005","0,0",414
2023-04-01,youtube,Americas,South America,"16779667,0","1332,3115055","0,0",7414
2023-04-01,facebook,Asia,South-Eastern Asia,"6717,0","3,3266755","0,0",210
2023-04-01,spotify,Asia,South-Eastern Asia,"25840,0","11,53229","0,0",320
2023-04-01,tiktok,Asia,South-Eastern Asia,"530,0","0,6301160000000001","0,0",31
2023-04-01,youtube,Asia,South-Eastern Asia,"40530,0","9,2028995","0,0",905
2023-04-01,facebook,Africa,Southern Africa,"1133,0","0,6331530000000001","0,0",61
2023-04-01,spotify,Africa,Southern Africa,"14527,0","4,0158325","0,0",158
2023-04-01,tiktok,Africa,Southern Africa,"178,0","0,38490450000000004","0,0",14
2023-04-01,youtube,Africa,Southern Africa,"13625,0","1,328026","0,0",291
2023-04-01,facebook,Asia,Southern Asia,"2665,0","0,6774179999999999","0,0",134
2023-04-01,spotify,Asia,Southern Asia,"43111,0","15,472883500000002","0,0",229
2023-04-01,tiktok,Asia,Southern Asia,"91,0","0,030123000000000004","0,0",16
2023-04-01,youtube,Asia,Southern Asia,"724685,0","5,511268","0,0",554
2023-04-01,amazon,Europe,Southern Europe,"1729,0","6,8120775","0,0",264
2023-04-01,facebook,Europe,Southern Europe,"6137,0","17,921869499999996","0,0",461
2023-04-01,spotify,Europe,Southern Europe,"143738,0","111,07641200000002","0,0",1096
2023-04-01,tiktok,Europe,Southern Europe,"1658,0","5,65153","0,0",74
2023-04-01,youtube,Europe,Southern Europe,"133789,0","59,130496","0,0",2254
2023-04-01,facebook,Africa,Western Africa,"455,0","0,35497199999999995","0,0",101
2023-04-01,spotify,Africa,Western Africa,"2238,0","0,15127499999999997","0,0",152
2023-04-01,tiktok,Africa,Western Africa,"94,0","0,051841000000000005","0,0",17
2023-04-01,youtube,Africa,Western Africa,"19821,0","0,227859","0,0",393
2023-04-01,facebook,Asia,Western Asia,"1526,0","1,926577","0,0",214
2023-04-01,spotify,Asia,Western Asia,"23249,0","7,2648364999999995","0,0",525
2023-04-01,tiktok,Asia,Western Asia,"570,0","1,0735439999999998","0,0",36
2023-04-01,youtube,Asia,Western Asia,"49787,0","11,492106499999998","0,0",1311
2023-04-01,amazon,Europe,Western Europe,"1936,0","4,601812000000001","0,0",199
2023-04-01,facebook,Europe,Western Europe,"1216,0","3,6075619999999993","0,0",347
2023-04-01,spotify,Europe,Western Europe,"146075,0","188,91995599999998","0,0",1139
2023-04-01,tiktok,Europe,Western Europe,"337,0","1,7552785","0,0",46
2023-04-01,youtube,Europe,Western Europe,"119716,0","82,42566050000002","0,0",2164
2023-04-01,facebook,,,"3026,0","3,996078000000013","0,0",1854
2023-04-01,youtube,,,"41191,0","0,0","0,0",71
2023-05-01,amazon,Oceania,Australia and New Zealand,"70,0","0,244601","0,0",42
2023-05-01,facebook,Oceania,Australia and New Zealand,"398,0","0,9759424999999999","0,0",128
2023-05-01,spotify,Oceania,Australia and New Zealand,"155362,0","250,17154749999995","0,0",816
2023-05-01,tiktok,Oceania,Australia and New Zealand,"88,0","0,38112450000000003","0,0",20
2023-05-01,youtube,Oceania,Australia and New Zealand,"6422,0","17,4750595","0,0",373
2023-05-01,amazon,Americas,Caribbean,"28,0","0,09166499999999998","0,0",9
2023-05-01,facebook,Americas,Caribbean,"11570,0","20,1614185","0,0",424
2023-05-01,spotify,Americas,Caribbean,"69574,0","43,612221","0,0",485
2023-05-01,tiktok,Americas,Caribbean,"8998,0","12,901785000000002","0,0",137
2023-05-01,youtube,Americas,Caribbean,"690120,0","9,6106655","0,0",1049
2023-05-01,amazon,Americas,Central America,"19358,0","20,481705000000005","0,0",788
2023-05-01,facebook,Americas,Central America,"274021,0","92,95003349999998","0,0",2122
2023-05-01,spotify,Americas,Central America,"2775687,0","1760,9677175000006","0,0",3871
2023-05-01,tiktok,Americas,Central America,"29405,0","42,743531499999996","0,0",468
2023-05-01,youtube,Americas,Central America,"845693,0","193,43365799999998","0,0",3520
2023-05-01,facebook,Asia,Central Asia,"1765,0","1,1215585000000001","0,0",110
2023-05-01,spotify,Asia,Central Asia,"6555,0","1,9506090000000003","0,0",189
2023-05-01,tiktok,Asia,Central Asia,"4873,0","5,2801565","0,0",53
2023-05-01,youtube,Asia,Central Asia,"105491,0","0,0053295","0,0",167
2023-05-01,facebook,Africa,Eastern Africa,"4824,0","0,8078825000000001","0,0",163
2023-05-01,spotify,Africa,Eastern Africa,"14914,0","3,429805","0,0",357
2023-05-01,tiktok,Africa,Eastern Africa,"6522,0","1,7969979999999999","0,0",90
2023-05-01,youtube,Africa,Eastern Africa,"143232,0","2,286553","0,0",379
2023-05-01,amazon,Asia,Eastern Asia,"237,0","0,8091244999999999","0,0",99
2023-05-01,facebook,Asia,Eastern Asia,"550,0","1,476401","0,0",200
2023-05-01,spotify,Asia,Eastern Asia,"21059,0","18,566174","0,0",652
2023-05-01,tiktok,Asia,Eastern Asia,"332,0","1,0331795000000001","0,0",28
2023-05-01,youtube,Asia,Eastern Asia,"82668,0","19,785252","0,0",733
2023-05-01,amazon,Europe,Eastern Europe,"7,0","0,0222245","0,0",5
2023-05-01,facebook,Europe,Eastern Europe,"6605,0","8,334576","0,0",320
2023-05-01,spotify,Europe,Eastern Europe,"90767,0","48,7958475","0,0",1214
2023-05-01,tiktok,Europe,Eastern Europe,"15270,0","19,607825","0,0",91
2023-05-01,youtube,Europe,Eastern Europe,"285992,0","22,1085835","0,0",1782
2023-05-01,facebook,Oceania,Melanesia,"238,0","0,07499549999999999","0,0",22
2023-05-01,spotify,Oceania,Melanesia,"489,0","0,150543","0,0",28
2023-05-01,tiktok,Oceania,Melanesia,"471,0","0,134056","0,0",7
2023-05-01,youtube,Oceania,Melanesia,"1999,0","0,0001285","0,0",71
2023-05-01,facebook,Oceania,Micronesia,"107,0","0,020929","0,0",15
2023-05-01,spotify,Oceania,Micronesia,"7,0","0,00048","0,0",2
2023-05-01,tiktok,Oceania,Micronesia,"1,0","0,0001805","0,0",1
2023-05-01,youtube,Oceania,Micronesia,"313,0","0,0527915","0,0",29
2023-05-01,facebook,Africa,Middle Africa,"31,0","0,007979","0,0",10
2023-05-01,spotify,Africa,Middle Africa,"2807,0","0,21821249999999998","0,0",243
2023-05-01,tiktok,Africa,Middle Africa,"1178,0","0,2082555","0,0",56
2023-05-01,youtube,Africa,Middle Africa,"7479,0","0,0","0,0",226
2023-05-01,facebook,Africa,Northern Africa,"3114,0","4,2596205000000005","0,0",199
2023-05-01,spotify,Africa,Northern Africa,"7358,0","1,8394180000000002","0,0",280
2023-05-01,tiktok,Africa,Northern Africa,"1611,0","1,8440854999999996","0,0",46
2023-05-01,youtube,Africa,Northern Africa,"12238,0","0,13033050000000002","0,0",300
2023-05-01,amazon,Americas,Northern America,"22570,0","68,25608949999999","0,0",1157
2023-05-01,facebook,Americas,Northern America,"38608,0","83,24003399999998","0,0",1511
2023-05-01,spotify,Americas,Northern America,"1275550,0","2124,6158995","0,0",3277
2023-05-01,tiktok,Americas,Northern America,"7236,0","40,03104999999999","0,0",325
2023-05-01,youtube,Americas,Northern America,"1270097,0","1804,9063935000008","0,0",2914
2023-05-01,amazon,Europe,Northern Europe,"2010,0","10,589106500000002","0,0",258
2023-05-01,facebook,Europe,Northern Europe,"2005,0","4,5281585","0,0",388
2023-05-01,spotify,Europe,Northern Europe,"235066,0","412,51730999999995","0,0",2172
2023-05-01,tiktok,Europe,Northern Europe,"475,0","1,8727654999999999","0,0",72
2023-05-01,youtube,Europe,Northern Europe,"135513,0","57,75439249999999","0,0",1469
2023-05-01,facebook,Oceania,Polynesia,"72,0","0,026525499999999997","0,0",22
2023-05-01,spotify,Oceania,Polynesia,"12,0","0,001414","0,0",4
2023-05-01,tiktok,Oceania,Polynesia,"34,0","0,023082500000000002","0,0",8
2023-05-01,youtube,Oceania,Polynesia,"262,0","0,008046500000000002","0,0",41
2023-05-01,amazon,Americas,South America,"79254,0","77,9017645","0,0",2213
2023-05-01,facebook,Americas,South America,"346259,0","478,52420300000045","0,0",3644
2023-05-01,spotify,Americas,South America,"3869799,0","1922,562532","0,0",8262
2023-05-01,tiktok,Americas,South America,"151316,0","201,4402350000001","0,0",1074
2023-05-01,youtube,Americas,South America,"8251625,0","1812,5524419999997","0,0",8651
2023-05-01,facebook,Asia,South-Eastern Asia,"4067,0","2,7790329999999996","0,0",437
2023-05-01,spotify,Asia,South-Eastern Asia,"67751,0","22,9245015","0,0",816
2023-05-01,tiktok,Asia,South-Eastern Asia,"1591,0","1,8046084999999998","0,0",88
2023-05-01,youtube,Asia,South-Eastern Asia,"102747,0","5,1674745","0,0",786
2023-05-01,facebook,Africa,Southern Africa,"2720,0","1,3934075","0,0",143
2023-05-01,spotify,Africa,Southern Africa,"20393,0","10,267471499999997","0,0",282
2023-05-01,tiktok,Africa,Southern Africa,"181,0","0,276732","0,0",21
2023-05-01,youtube,Africa,Southern Africa,"158531,0","5,3339855","0,0",275
2023-05-01,facebook,Asia,Southern Asia,"10646,0","6,775178","0,0",287
2023-05-01,spotify,Asia,Southern Asia,"22872,0","7,554228000000002","0,0",506
2023-05-01,tiktok,Asia,Southern Asia,"506,0","0,21807449999999998","0,0",35
2023-05-01,youtube,Asia,Southern Asia,"143514,0","4,0042615","0,0",563
2023-05-01,amazon,Europe,Southern Europe,"4630,0","15,5906005","0,0",465
2023-05-01,facebook,Europe,Southern Europe,"25784,0","45,86077550000003","0,0",1016
2023-05-01,spotify,Europe,Southern Europe,"370842,0","312,9920785000001","0,0",2695
2023-05-01,tiktok,Europe,Southern Europe,"28436,0","87,59659200000002","0,0",206
2023-05-01,youtube,Europe,Southern Europe,"676163,0","118,15347450000003","0,0",2288
2023-05-01,facebook,Africa,Western Africa,"1269,0","0,7615870000000001","0,0",172
2023-05-01,spotify,Africa,Western Africa,"9368,0","1,4490195","0,0",304
2023-05-01,tiktok,Africa,Western Africa,"1958,0","0,869249","0,0",86
2023-05-01,youtube,Africa,Western Africa,"20770,0","0,5743325","0,0",364
2023-05-01,facebook,Asia,Western Asia,"10179,0","7,088354999999998","0,0",389
2023-05-01,spotify,Asia,Western Asia,"259055,0","56,852065999999986","0,0",1108
2023-05-01,tiktok,Asia,Western Asia,"5319,0","6,181153","0,0",111
2023-05-01,youtube,Asia,Western Asia,"124160,0","23,016601000000005","0,0",1245
2023-05-01,amazon,Europe,Western Europe,"2659,0","10,119591","0,0",342
2023-05-01,facebook,Europe,Western Europe,"2960,0","7,598859","0,0",630
2023-05-01,spotify,Europe,Western Europe,"311674,0","447,96570799999967","0,0",2979
2023-05-01,tiktok,Europe,Western Europe,"4801,0","20,459126499999996","0,0",137
2023-05-01,youtube,Europe,Western Europe,"93012,0","93,672482","0,0",2113
2023-05-01,facebook,,,"6488,0","7,21940249999995","0,0",4087
2023-05-01,youtube,,,"29269,0","9,456913","1,0",72
2023-06-01,amazon,Oceania,Australia and New Zealand,"41,0","0,193913","0,0",23
2023-06-01,facebook,Oceania,Australia and New Zealand,"392,0","1,1027440000000002","0,0",120
2023-06-01,spotify,Oceania,Australia and New Zealand,"29781,0","49,759012000000006","0,0",542
2023-06-01,tiktok,Oceania,Australia and New Zealand,"299,0","1,3417935","0,0",21
2023-06-01,youtube,Oceania,Australia and New Zealand,"9255,0","9,625617000000002","0,0",496
2023-06-01,amazon,Americas,Caribbean,"8,0","0,0339825","0,0",6
2023-06-01,facebook,Americas,Caribbean,"2024,0","2,1365320000000003","0,0",298
2023-06-01,spotify,Americas,Caribbean,"13412,0","8,654711500000003","0,0",292
2023-06-01,tiktok,Americas,Caribbean,"778,0","1,1046235","0,0",71
2023-06-01,youtube,Americas,Caribbean,"168989,0","5,8294274999999995","0,0",973
2023-06-01,amazon,Americas,Central America,"7556,0","8,012973500000003","0,0",472
2023-06-01,facebook,Americas,Central America,"54533,0","32,228311500000004","0,0",1495
2023-06-01,spotify,Americas,Central America,"375718,0","215,92547399999992","0,0",2360
2023-06-01,tiktok,Americas,Central America,"15429,0","22,0325375","0,0",281
2023-06-01,youtube,Americas,Central America,"2648539,0","171,57740749999985","0,0",3275
2023-06-01,facebook,Asia,Central Asia,"7395,0","1,9452305","0,0",102
2023-06-01,spotify,Asia,Central Asia,"5757,0","1,0826149999999999","0,0",143
2023-06-01,tiktok,Asia,Central Asia,"329,0","0,25479300000000005","0,0",37
2023-06-01,youtube,Asia,Central Asia,"78347,0","0,110706","0,0",243
2023-06-01,facebook,Africa,Eastern Africa,"11520,0","2,0044215","0,0",194
2023-06-01,spotify,Africa,Eastern Africa,"9385,0","1,6446669999999999","0,0",307
2023-06-01,tiktok,Africa,Eastern Africa,"6249,0","2,5296745","0,0",93
2023-06-01,youtube,Africa,Eastern Africa,"51817,0","0,922387","0,0",416
2023-06-01,amazon,Asia,Eastern Asia,"120,0","0,34902349999999993","0,0",64
2023-06-01,facebook,Asia,Eastern Asia,"427,0","0,752766","0,0",165
2023-06-01,spotify,Asia,Eastern Asia,"28352,0","18,196643499999997","0,0",436
2023-06-01,tiktok,Asia,Eastern Asia,"119,0","0,29152900000000004","0,0",21
2023-06-01,youtube,Asia,Eastern Asia,"24625,0","28,225361499999998","0,0",885
2023-06-01,amazon,Europe,Eastern Europe,"1,0","0,0025185","0,0",1
2023-06-01,facebook,Europe,Eastern Europe,"3244,0","2,6154035000000007","0,0",299
2023-06-01,spotify,Europe,Eastern Europe,"99297,0","40,78914200000001","0,0",904
2023-06-01,tiktok,Europe,Eastern Europe,"939,0","1,475658","0,0",92
2023-06-01,youtube,Europe,Eastern Europe,"2733349,0","48,333076500000004","0,0",2125
2023-06-01,facebook,Oceania,Melanesia,"171,0","0,02881","0,0",23
2023-06-01,spotify,Oceania,Melanesia,"66,0","0,015801000000000003","0,0",18
2023-06-01,tiktok,Oceania,Melanesia,"203,0","0,053546500000000004","0,0",6
2023-06-01,youtube,Oceania,Melanesia,"494,0","0,0001255","0,0",58
2023-06-01,facebook,Oceania,Micronesia,"40,0","0,015603500000000001","0,0",13
2023-06-01,youtube,Oceania,Micronesia,"106,0","0,036815999999999995","0,0",30
2023-06-01,facebook,Africa,Middle Africa,"64,0","0,01181","0,0",21
2023-06-01,spotify,Africa,Middle Africa,"3125,0","0,3488825","0,0",169
2023-06-01,tiktok,Africa,Middle Africa,"916,0","0,229436","0,0",59
2023-06-01,youtube,Africa,Middle Africa,"6704,0","0,0","0,0",255
2023-06-01,facebook,Africa,Northern Africa,"769,0","0,44778850000000003","0,0",154
2023-06-01,spotify,Africa,Northern Africa,"2043,0","0,33807500000000007","0,0",186
2023-06-01,tiktok,Africa,Northern Africa,"198,0","0,1996305","0,0",36
2023-06-01,youtube,Africa,Northern Africa,"11977,0","0,19704649999999996","0,0",311
2023-06-01,amazon,Americas,Northern America,"15044,0","64,36614100000001","0,0",823
2023-06-01,facebook,Americas,Northern America,"14146,0","37,33334699999999","0,0",1007
2023-06-01,spotify,Americas,Northern America,"531286,0","712,8285255000005","0,0",2108
2023-06-01,tiktok,Americas,Northern America,"5443,0","29,307415000000002","0,0",224
2023-06-01,youtube,Americas,Northern America,"290987,0","515,4690039999998","0,0",3056
2023-06-01,amazon,Europe,Northern Europe,"895,0","5,5469185","0,0",171
2023-06-01,facebook,Europe,Northern Europe,"2111,0","8,352392000000002","0,0",325
2023-06-01,spotify,Europe,Northern Europe,"132948,0","254,48240050000007","0,0",1599
2023-06-01,tiktok,Europe,Northern Europe,"399,0","1,633129","0,0",80
2023-06-01,youtube,Europe,Northern Europe,"110806,0","81,81055900000001","0,0",1741
2023-06-01,facebook,Oceania,Polynesia,"42,0","0,0924605","0,0",14
2023-06-01,spotify,Oceania,Polynesia,"5,0","0,001568","0,0",2
2023-06-01,tiktok,Oceania,Polynesia,"6,0","0,002522","0,0",3
2023-06-01,youtube,Oceania,Polynesia,"117,0","0,007294","0,0",39
2023-06-01,amazon,Americas,South America,"41574,0","60,289981499999996","0,0",1358
2023-06-01,facebook,Americas,South America,"284205,0","305,87259900000043","0,0",2666
2023-06-01,spotify,Americas,South America,"4650796,0","1987,2579075000017","0,0",5529
2023-06-01,tiktok,Americas,South America,"88896,0","109,12492450000002","0,0",752
2023-06-01,youtube,Americas,South America,"5821325,0","1791,9071445000004","0,0",9522
2023-06-01,facebook,Asia,South-Eastern Asia,"6486,0","10,4722795","0,0",360
2023-06-01,spotify,Asia,South-Eastern Asia,"29507,0","10,430811","0,0",601
2023-06-01,tiktok,Asia,South-Eastern Asia,"8205,0","8,534208","0,0",84
2023-06-01,youtube,Asia,South-Eastern Asia,"33349,0","3,108865","0,0",1009
2023-06-01,facebook,Africa,Southern Africa,"580,0","0,4727675000000001","0,0",109
2023-06-01,spotify,Africa,Southern Africa,"14151,0","7,158216","0,0",224
2023-06-01,tiktok,Africa,Southern Africa,"155,0","0,123225","0,0",27
2023-06-01,youtube,Africa,Southern Africa,"10773,0","3,1502415000000004","0,0",363
2023-06-01,facebook,Asia,Southern Asia,"68271,0","0,8434345000000002","0,0",250
2023-06-01,spotify,Asia,Southern Asia,"280004,0","111,69350250000002","0,0",379
2023-06-01,tiktok,Asia,Southern Asia,"284,0","0,12291149999999999","0,0",34
2023-06-01,youtube,Asia,Southern Asia,"748300,0","5,1275095","0,0",640
2023-06-01,amazon,Europe,Southern Europe,"3477,0","7,999955500000001","0,0",282
2023-06-01,facebook,Europe,Southern Europe,"23864,0","36,651308499999985","0,0",859
2023-06-01,spotify,Europe,Southern Europe,"194156,0","158,13299300000006","0,0",1826
2023-06-01,tiktok,Europe,Southern Europe,"3092,0","9,058407999999998","0,0",151
2023-06-01,youtube,Europe,Southern Europe,"222685,0","64,818483","0,0",2751
2023-06-01,facebook,Africa,Western Africa,"4545,0","1,3065595","0,0",173
2023-06-01,spotify,Africa,Western Africa,"11146,0","1,1489945000000001","0,0",249
2023-06-01,tiktok,Africa,Western Africa,"16744,0","13,150203000000005","0,0",80
2023-06-01,youtube,Africa,Western Africa,"29576,0","0,38618600000000003","0,0",393
2023-06-01,facebook,Asia,Western Asia,"9062,0","7,6901","0,0",400
2023-06-01,spotify,Asia,Western Asia,"1045423,0","188,34312549999999","0,0",777
2023-06-01,tiktok,Asia,Western Asia,"23203,0","17,6055745","0,0",111
2023-06-01,youtube,Asia,Western Asia,"316643,0","39,08648150000001","0,0",1352
2023-06-01,amazon,Europe,Western Europe,"2531,0","7,889114","0,0",254
2023-06-01,facebook,Europe,Western Europe,"1967,0","8,084428500000001","0,0",543
2023-06-01,spotify,Europe,Western Europe,"223219,0","344,9523830000003","0,0",1985
2023-06-01,tiktok,Europe,Western Europe,"3600,0","15,280400499999997","0,0",122
2023-06-01,youtube,Europe,Western Europe,"253977,0","271,77681799999993","0,0",2562
2023-06-01,facebook,,,"4943,0","3,419354999999981","0,0",3183
2023-06-01,youtube,,,"120642,0","0,0","0,0",88
2023-07-01,amazon,Oceania,Australia and New Zealand,"59,0","0,27338749999999995","0,0",20
2023-07-01,facebook,Oceania,Australia and New Zealand,"501,0","0,8264935","0,0",97
2023-07-01,spotify,Oceania,Australia and New Zealand,"28436,0","40,178985499999996","0,0",398
2023-07-01,tiktok,Oceania,Australia and New Zealand,"66,0","0,2513795","0,0",12
2023-07-01,youtube,Oceania,Australia and New Zealand,"25970,0","30,528950499999997","0,0",445
2023-07-01,amazon,Americas,Caribbean,"7,0","0,02376","0,0",7
2023-07-01,facebook,Americas,Caribbean,"29147,0","13,942304","0,0",254
2023-07-01,spotify,Americas,Caribbean,"71831,0","51,09674149999999","0,0",318
2023-07-01,tiktok,Americas,Caribbean,"716,0","0,9074875","0,0",81
2023-07-01,youtube,Americas,Caribbean,"139313,0","4,1666425","0,0",1059
2023-07-01,amazon,Americas,Central America,"16918,0","20,095976500000003","0,0",738
2023-07-01,facebook,Americas,Central America,"81570,0","38,97086199999998","0,0",1010
2023-07-01,spotify,Americas,Central America,"869355,0","547,0654664999995","0,0",1612
2023-07-01,tiktok,Americas,Central America,"17381,0","22,26160399999999","0,0",165
2023-07-01,youtube,Americas,Central America,"250419,0","51,512729500000034","0,0",3302
2023-07-01,facebook,Asia,Central Asia,"8523,0","3,3218805000000002","0,0",64
2023-07-01,spotify,Asia,Central Asia,"6226,0","1,7713904999999999","0,0",113
2023-07-01,tiktok,Asia,Central Asia,"615,0","0,5774125000000001","0,0",21
2023-07-01,youtube,Asia,Central Asia,"19869,0","0,1635555","0,0",191
2023-07-01,facebook,Africa,Eastern Africa,"1568,0","0,30958549999999996","0,0",128
2023-07-01,spotify,Africa,Eastern Africa,"6362,0","1,0228175","0,0",226
2023-07-01,tiktok,Africa,Eastern Africa,"1316,0","0,42308850000000003","0,0",59
2023-07-01,youtube,Africa,Eastern Africa,"78933,0","0,44295000000000007","0,0",419
2023-07-01,amazon,Asia,Eastern Asia,"349,0","1,2268169999999998","0,0",93
2023-07-01,facebook,Asia,Eastern Asia,"364,0","0,34550800000000004","0,0",96
2023-07-01,spotify,Asia,Eastern Asia,"15029,0","14,4155585","0,0",330
2023-07-01,tiktok,Asia,Eastern Asia,"242,0","0,6015729999999999","0,0",16
2023-07-01,youtube,Asia,Eastern Asia,"24774,0","16,1970345","0,0",769
2023-07-01,amazon,Europe,Eastern Europe,"1,0","0,0033965","0,0",1
2023-07-01,facebook,Europe,Eastern Europe,"2477,0","1,238338","0,0",250
2023-07-01,spotify,Europe,Eastern Europe,"36538,0","16,778522999999996","0,0",672
2023-07-01,tiktok,Europe,Eastern Europe,"363,0","0,514104","0,0",53
2023-07-01,youtube,Europe,Eastern Europe,"277777,0","18,0766615","0,0",1923
2023-07-01,facebook,Oceania,Melanesia,"87,0","0,022930500000000003","0,0",19
2023-07-01,spotify,Oceania,Melanesia,"55,0","0,0154375","0,0",10
2023-07-01,tiktok,Oceania,Melanesia,"32,0","0,035684","0,0",4
2023-07-01,youtube,Oceania,Melanesia,"5845,0","0,053309","0,0",65
2023-07-01,facebook,Oceania,Micronesia,"18,0","0,006685999999999999","0,0",6
2023-07-01,spotify,Oceania,Micronesia,"9,0","0,0018630000000000003","0,0",4
2023-07-01,youtube,Oceania,Micronesia,"322,0","0,0286805","0,0",33
2023-07-01,facebook,Africa,Middle Africa,"41,0","0,009961","0,0",12
2023-07-01,spotify,Africa,Middle Africa,"5120,0","0,6506065000000001","0,0",148
2023-07-01,tiktok,Africa,Middle Africa,"3609,0","0,41837750000000007","0,0",34
2023-07-01,youtube,Africa,Middle Africa,"4237,0","0,0","0,0",233
2023-07-01,facebook,Africa,Northern Africa,"601,0","0,34578149999999996","0,0",114
2023-07-01,spotify,Africa,Northern Africa,"1963,0","0,3575885","0,0",146
2023-07-01,tiktok,Africa,Northern Africa,"176,0","0,1770605","0,0",28
2023-07-01,youtube,Africa,Northern Africa,"13149,0","0,20320450000000004","0,0",268
2023-07-01,amazon,Americas,Northern America,"22058,0","89,923618","0,0",1095
2023-07-01,facebook,Americas,Northern America,"14390,0","30,530432499999993","0,0",752
2023-07-01,spotify,Americas,Northern America,"550925,0","879,9820925000004","0,0",1456
2023-07-01,tiktok,Americas,Northern America,"4596,0","22,508656000000002","0,0",144
2023-07-01,youtube,Americas,Northern America,"318726,0","600,9930485","0,0",2785
2023-07-01,amazon,Europe,Northern Europe,"1895,0","10,532784499999998","0,0",189
2023-07-01,facebook,Europe,Northern Europe,"1597,0","2,2698780000000003","0,0",258
2023-07-01,spotify,Europe,Northern Europe,"109864,0","222,5458335","0,0",1166
2023-07-01,tiktok,Europe,Northern Europe,"182,0","0,6717355","0,0",36
2023-07-01,youtube,Europe,Northern Europe,"48569,0","42,46317849999999","0,0",1663
2023-07-01,facebook,Oceania,Polynesia,"39,0","0,008198","0,0",11
2023-07-01,spotify,Oceania,Polynesia,"4,0","0,001206","0,0",1
2023-07-01,tiktok,Oceania,Polynesia,"3,0","0,001608","0,0",2
2023-07-01,youtube,Oceania,Polynesia,"160,0","0,00959","0,0",38
2023-07-01,amazon,Americas,South America,"45675,0","70,94490149999997","0,0",1327
2023-07-01,facebook,Americas,South America,"257440,0","191,23814850000008","0,0",2055
2023-07-01,spotify,Americas,South America,"4082323,0","940,172046499999","0,0",4130
2023-07-01,tiktok,Americas,South America,"93465,0","110,92978850000006","0,0",536
2023-07-01,youtube,Americas,South America,"12291111,0","1401,806887500001","0,0",9046
2023-07-01,facebook,Asia,South-Eastern Asia,"1788,0","1,7116064999999998","0,0",258
2023-07-01,spotify,Asia,South-Eastern Asia,"586550,0","172,6532575","0,0",460
2023-07-01,tiktok,Asia,South-Eastern Asia,"755,0","0,7664384999999999","0,0",52
2023-07-01,youtube,Asia,South-Eastern Asia,"126232,0","10,3044515","0,0",849
2023-07-01,facebook,Africa,Southern Africa,"1129,0","0,34698949999999995","0,0",79
2023-07-01,spotify,Africa,Southern Africa,"6473,0","2,0623470000000004","0,0",212
2023-07-01,tiktok,Africa,Southern Africa,"134,0","0,09831499999999999","0,0",22
2023-07-01,youtube,Africa,Southern Africa,"6346,0","1,0995670000000002","0,0",312
2023-07-01,facebook,Asia,Southern Asia,"2015,0","0,7167735","0,0",157
2023-07-01,spotify,Asia,Southern Asia,"97395,0","36,505092","0,0",288
2023-07-01,tiktok,Asia,Southern Asia,"74,0","0,027101999999999998","0,0",12
2023-07-01,youtube,Asia,Southern Asia,"27930,0","0,3984835","0,0",592
2023-07-01,amazon,Europe,Southern Europe,"3492,0","11,182926499999999","0,0",310
2023-07-01,facebook,Europe,Southern Europe,"10300,0","13,901336000000002","0,0",625
2023-07-01,spotify,Europe,Southern Europe,"221786,0","154,317269","0,0",1420
2023-07-01,tiktok,Europe,Southern Europe,"2505,0","6,2874865","0,0",127
2023-07-01,youtube,Europe,Southern Europe,"95989,0","36,823255","0,0",2485
2023-07-01,facebook,Africa,Western Africa,"2589,0","0,7656465","0,0",122
2023-07-01,spotify,Africa,Western Africa,"1907,0","0,16495350000000003","0,0",177
2023-07-01,tiktok,Africa,Western Africa,"1894,0","0,47086249999999996","0,0",61
2023-07-01,youtube,Africa,Western Africa,"9790,0","0,24828500000000003","0,0",413
2023-07-01,facebook,Asia,Western Asia,"2424,0","1,4687234999999998","0,0",268
2023-07-01,spotify,Asia,Western Asia,"29203,0","9,916501000000002","0,0",572
2023-07-01,tiktok,Asia,Western Asia,"506,0","0,5941815","0,0",64
2023-07-01,youtube,Asia,Western Asia,"169086,0","10,756517","0,0",1198
2023-07-01,amazon,Europe,Western Europe,"2232,0","9,124343999999999","0,0",284
2023-07-01,facebook,Europe,Western Europe,"5318,0","12,001719","0,0",389
2023-07-01,spotify,Europe,Western Europe,"162518,0","215,47667350000003","0,0",1417
2023-07-01,tiktok,Europe,Western Europe,"487,0","1,8346285","0,0",75
2023-07-01,youtube,Europe,Western Europe,"94279,0","80,03417849999998","0,0",2285
2023-07-01,facebook,,,"4036,0","2,7416124999999854","0,0",2392
2023-07-01,youtube,,,"4264,0","0,0","0,0",84
2023-08-01,amazon,Oceania,Australia and New Zealand,"27,0","0,07663450000000002","0,0",19
2023-08-01,facebook,Oceania,Australia and New Zealand,"402,0","1,2398825","0,0",153
2023-08-01,spotify,Oceania,Australia and New Zealand,"66872,0","95,43407500000005","0,0",701
2023-08-01,tiktok,Oceania,Australia and New Zealand,"517,0","2,242451","0,0",19
2023-08-01,youtube,Oceania,Australia and New Zealand,"16826,0","24,064977000000003","0,0",490
2023-08-01,amazon,Americas,Caribbean,"29,0","0,086432","0,0",5
2023-08-01,facebook,Americas,Caribbean,"6498,0","5,295247000000001","0,0",384
2023-08-01,spotify,Americas,Caribbean,"23956,0","5,2188265000000005","0,0",450
2023-08-01,tiktok,Americas,Caribbean,"3708,0","4,9787075000000005","0,0",96
2023-08-01,youtube,Americas,Caribbean,"156085,0","4,9124415","0,0",1136
2023-08-01,amazon,Americas,Central America,"13758,0","18,745128500000007","0,0",778
2023-08-01,facebook,Americas,Central America,"85386,0","75,08774999999997","0,0",1801
2023-08-01,spotify,Americas,Central America,"4109099,0","2593,8421479999997","0,0",2783
2023-08-01,tiktok,Americas,Central America,"8211,0","11,2703415","0,0",369
2023-08-01,youtube,Americas,Central America,"1226921,0","324,6610165000001","0,0",3588
2023-08-01,facebook,Asia,Central Asia,"3641,0","1,6544514999999997","0,0",163
2023-08-01,spotify,Asia,Central Asia,"12894,0","3,5284269999999993","0,0",214
2023-08-01,tiktok,Asia,Central Asia,"1926,0","1,4160490000000001","0,0",50
2023-08-01,youtube,Asia,Central Asia,"85864,0","0,2190495","0,0",208
2023-08-01,facebook,Africa,Eastern Africa,"25818,0","5,099353500000001","0,0",190
2023-08-01,spotify,Africa,Eastern Africa,"34693,0","5,5547765","0,0",317
2023-08-01,tiktok,Africa,Eastern Africa,"5711,0","1,98964","0,0",80
2023-08-01,youtube,Africa,Eastern Africa,"690860,0","2,461955","0,0",479
2023-08-01,amazon,Asia,Eastern Asia,"192,0","0,5626545000000001","0,0",92
2023-08-01,facebook,Asia,Eastern Asia,"527,0","1,291409","0,0",217
2023-08-01,spotify,Asia,Eastern Asia,"14472,0","11,281617000000002","0,0",594
2023-08-01,tiktok,Asia,Eastern Asia,"264,0","0,7932049999999999","0,0",26
2023-08-01,youtube,Asia,Eastern Asia,"32711,0","31,3936755","0,0",816
2023-08-01,facebook,Europe,Eastern Europe,"4811,0","5,496246999999999","0,0",484
2023-08-01,spotify,Europe,Eastern Europe,"67111,0","30,040597500000004","0,0",1244
2023-08-01,tiktok,Europe,Eastern Europe,"4874,0","7,1480785000000004","0,0",117
2023-08-01,youtube,Europe,Eastern Europe,"815829,0","40,219271","1,0",2086
2023-08-01,facebook,Oceania,Melanesia,"587,0","0,12393300000000002","0,0",48
2023-08-01,spotify,Oceania,Melanesia,"80,0","0,0063105","0,0",16
2023-08-01,tiktok,Oceania,Melanesia,"38,0","0,030149000000000002","0,0",9
2023-08-01,youtube,Oceania,Melanesia,"275,0","0,037653","0,0",71
2023-08-01,facebook,Oceania,Micronesia,"34,0","0,012590500000000001","0,0",11
2023-08-01,spotify,Oceania,Micronesia,"8,0","-0,001118","0,0",3
2023-08-01,tiktok,Oceania,Micronesia,"106,0","0,0181905","0,0",2
2023-08-01,youtube,Oceania,Micronesia,"186,0","0,0816325","0,0",52
2023-08-01,facebook,Africa,Middle Africa,"51,0","0,013876499999999998","0,0",10
2023-08-01,spotify,Africa,Middle Africa,"4364,0","0,5515169999999999","0,0",205
2023-08-01,tiktok,Africa,Middle Africa,"9338,0","3,3709915000000006","0,0",61
2023-08-01,youtube,Africa,Middle Africa,"18068,0","0,0","0,0",257
2023-08-01,facebook,Africa,Northern Africa,"860,0","1,2131075","0,0",204
2023-08-01,spotify,Africa,Northern Africa,"5321,0","0,9031724999999999","0,0",224
2023-08-01,tiktok,Africa,Northern Africa,"718,0","0,5946209999999998","0,0",55
2023-08-01,youtube,Africa,Northern Africa,"10731,0","0,1972645","0,0",309
2023-08-01,amazon,Americas,Northern America,"14800,0","56,12304749999999","0,0",1196
2023-08-01,facebook,Americas,Northern America,"20837,0","63,928644000000034","0,0",1259
2023-08-01,spotify,Americas,Northern America,"1093876,0","1981,2767934999997","0,0",2411
2023-08-01,tiktok,Americas,Northern America,"40827,0","212,27118900000005","0,0",252
2023-08-01,youtube,Americas,Northern America,"571588,0","985,5714849999999","0,0",3008
2023-08-01,amazon,Europe,Northern Europe,"1223,0","6,090693500000001","0,0",218
2023-08-01,facebook,Europe,Northern Europe,"1579,0","4,7490334999999995","0,0",443
2023-08-01,spotify,Europe,Northern Europe,"139061,0","245,21605249999993","0,0",2008
2023-08-01,tiktok,Europe,Northern Europe,"1686,0","6,3429535","0,0",99
2023-08-01,youtube,Europe,Northern Europe,"103738,0","63,15070400000001","0,0",1691
2023-08-01,facebook,Oceania,Polynesia,"51,0","0,019271","0,0",17
2023-08-01,spotify,Oceania,Polynesia,"3,0","0,0009165","0,0",2
2023-08-01,tiktok,Oceania,Polynesia,"7,0","0,0040205","0,0",3
2023-08-01,youtube,Oceania,Polynesia,"172,0","0,0370375","0,0",54
2023-08-01,amazon,Americas,South America,"60300,0","73,69469849999997","0,0",1477
2023-08-01,facebook,Americas,South America,"632449,0","714,0789679999999","0,0",3539
2023-08-01,spotify,Americas,South America,"4132769,0","1599,9603965000033","0,0",6727
2023-08-01,tiktok,Americas,South America,"74872,0","91,41227850000001","0,0",926
2023-08-01,youtube,Americas,South America,"6053946,0","1227,9984020000004","0,0",9215
2023-08-01,facebook,Asia,South-Eastern Asia,"13185,0","5,0070485","0,0",386
2023-08-01,spotify,Asia,South-Eastern Asia,"72624,0","19,563278999999998","0,0",828
2023-08-01,tiktok,Asia,South-Eastern Asia,"3071,0","3,7261689999999996","0,0",71
2023-08-01,youtube,Asia,South-Eastern Asia,"33312,0","3,9495315000000004","0,0",946
2023-08-01,facebook,Africa,Southern Africa,"718,0","0,6457729999999999","0,0",128
2023-08-01,spotify,Africa,Southern Africa,"7367,0","3,1618390000000005","0,0",240
2023-08-01,tiktok,Africa,Southern Africa,"1237,0","0,7438925000000001","0,0",30
2023-08-01,youtube,Africa,Southern Africa,"71148,0","1,8025645000000003","0,0",341
2023-08-01,facebook,Asia,Southern Asia,"3163,0","0,43473300000000004","0,0",279
2023-08-01,spotify,Asia,Southern Asia,"9577,0","2,6090545000000005","0,0",494
2023-08-01,tiktok,Asia,Southern Asia,"609,0","0,246428","0,0",33
2023-08-01,youtube,Asia,Southern Asia,"33596,0","0,863984","0,0",676
2023-08-01,amazon,Europe,Southern Europe,"6807,0","16,903053","0,0",400
2023-08-01,facebook,Europe,Southern Europe,"12803,0","22,893138500000003","0,0",1173
2023-08-01,spotify,Europe,Southern Europe,"783634,0","168,63569649999982","0,0",2325
2023-08-01,tiktok,Europe,Southern Europe,"2147,0","6,0806189999999996","0,0",196
2023-08-01,youtube,Europe,Southern Europe,"213139,0","86,78360699999996","0,0",2605
2023-08-01,facebook,Africa,Western Africa,"2482,0","1,0765105","0,0",187
2023-08-01,spotify,Africa,Western Africa,"15298,0","1,9673980000000002","0,0",242
2023-08-01,tiktok,Africa,Western Africa,"21360,0","14,043833","0,0",95
2023-08-01,youtube,Africa,Western Africa,"34934,0","0,5433045","0,0",407
2023-08-01,facebook,Asia,Western Asia,"4146,0","6,058013500000002","0,0",464
2023-08-01,spotify,Asia,Western Asia,"349636,0","67,57282799999999","0,0",1124
2023-08-01,tiktok,Asia,Western Asia,"5441,0","7,0214894999999995","0,0",149
2023-08-01,youtube,Asia,Western Asia,"92310,0","9,674320500000002","0,0",1374
2023-08-01,amazon,Europe,Western Europe,"2772,0","10,9653315","0,0",285
2023-08-01,facebook,Europe,Western Europe,"2342,0","9,425770000000002","0,0",670
2023-08-01,spotify,Europe,Western Europe,"215445,0","277,13955849999996","0,0",2472
2023-08-01,tiktok,Europe,Western Europe,"2780,0","11,495910000000004","0,0",144
2023-08-01,youtube,Europe,Western Europe,"132636,0","84,02701700000001","0,0",2364
2023-08-01,facebook,,,"5528,0","6,132689499999966","0,0",3451
2023-08-01,youtube,,,"86308,0","3,698185","1,0",96
2023-09-01,amazon,Oceania,Australia and New Zealand,"62,0","0,22535900000000003","0,0",31
2023-09-01,facebook,Oceania,Australia and New Zealand,"582,0","1,4650245000000002","0,0",138
2023-09-01,spotify,Oceania,Australia and New Zealand,"61783,0","106,26516750000003","0,0",835
2023-09-01,tiktok,Oceania,Australia and New Zealand,"362,0","2,1664454999999996","0,0",22
2023-09-01,youtube,Oceania,Australia and New Zealand,"14487,0","23,1438195","0,0",605
2023-09-01,amazon,Americas,Caribbean,"33,0","0,11476900000000001","0,0",11
2023-09-01,facebook,Americas,Caribbean,"4835,0","8,709671","0,0",320
2023-09-01,spotify,Americas,Caribbean,"15404,0","10,717017499999997","0,0",492
2023-09-01,tiktok,Americas,Caribbean,"962,0","1,878649","0,0",79
2023-09-01,youtube,Americas,Caribbean,"345926,0","3,2860425000000006","0,0",1206
2023-09-01,amazon,Americas,Central America,"14997,0","16,4375245","0,0",691
2023-09-01,facebook,Americas,Central America,"66639,0","76,0651455","0,0",1306
2023-09-01,spotify,Americas,Central America,"459561,0","262,6957690000001","0,0",2927
2023-09-01,tiktok,Americas,Central America,"9407,0","17,947999499999998","0,0",286
2023-09-01,youtube,Americas,Central America,"636061,0","150,5180515","0,0",3977
2023-09-01,facebook,Asia,Central Asia,"108112,0","49,035522","0,0",124
2023-09-01,spotify,Asia,Central Asia,"3819,0","1,074597","0,0",201
2023-09-01,tiktok,Asia,Central Asia,"1302,0","0,869016","0,0",54
2023-09-01,youtube,Asia,Central Asia,"316007,0","52,2459695","0,0",239
2023-09-01,facebook,Africa,Eastern Africa,"4055,0","1,6768119999999997","0,0",272
2023-09-01,spotify,Africa,Eastern Africa,"11952,0","2,6477565000000003","0,0",377
2023-09-01,tiktok,Africa,Eastern Africa,"5259,0","2,3902514999999998","0,0",146
2023-09-01,youtube,Africa,Eastern Africa,"35543,0","0,1541915","0,0",466
2023-09-01,amazon,Asia,Eastern Asia,"810,0","3,2810775000000003","0,0",92
2023-09-01,facebook,Asia,Eastern Asia,"932,0","1,4240605","0,0",197
2023-09-01,spotify,Asia,Eastern Asia,"28829,0","32,656171500000006","0,0",678
2023-09-01,tiktok,Asia,Eastern Asia,"156,0","0,619173","0,0",23
2023-09-01,youtube,Asia,Eastern Asia,"31273,0","23,358135500000003","0,0",920
2023-09-01,amazon,Europe,Eastern Europe,"-2,0","-0,004756","0,0",1
2023-09-01,facebook,Europe,Eastern Europe,"3549,0","43,256552","0,0",447
2023-09-01,spotify,Europe,Eastern Europe,"231090,0","105,80173900000001","0,0",1363
2023-09-01,tiktok,Europe,Eastern Europe,"5022,0","10,090860500000003","0,0",91
2023-09-01,youtube,Europe,Eastern Europe,"1029013,0","59,52152700000002","0,0",2496
2023-09-01,facebook,Oceania,Melanesia,"348,0","0,070857","0,0",42
2023-09-01,spotify,Oceania,Melanesia,"262,0","0,052928499999999996","0,0",21
2023-09-01,tiktok,Oceania,Melanesia,"94,0","0,11593999999999999","0,0",6
2023-09-01,youtube,Oceania,Melanesia,"552,0","0,0009360000000000001","0,0",99
2023-09-01,facebook,Oceania,Micronesia,"16,0","0,0146945","0,0",10
2023-09-01,spotify,Oceania,Micronesia,"6,0","0,002911","0,0",4
2023-09-01,tiktok,Oceania,Micronesia,"2,0","0,0005925","0,0",1
2023-09-01,youtube,Oceania,Micronesia,"147,0","0,019228","0,0",34
2023-09-01,facebook,Africa,Middle Africa,"547,0","0,148626","0,0",136
2023-09-01,spotify,Africa,Middle Africa,"4172,0","0,60041","0,0",283
2023-09-01,tiktok,Africa,Middle Africa,"790,0","0,3864845","0,0",66
2023-09-01,youtube,Africa,Middle Africa,"8463,0","0,0","0,0",235
2023-09-01,facebook,Africa,Northern Africa,"596,0","0,47801150000000003","0,0",152
2023-09-01,spotify,Africa,Northern Africa,"6211,0","1,4991175000000005","0,0",288
2023-09-01,tiktok,Africa,Northern Africa,"717,0","0,9242809999999999","0,0",50
2023-09-01,youtube,Africa,Northern Africa,"17368,0","0,3635755","0,0",360
2023-09-01,amazon,Americas,Northern America,"18241,0","90,14402899999999","0,0",1128
2023-09-01,facebook,Americas,Northern America,"10904,0","50,64423999999999","0,0",1092
2023-09-01,spotify,Americas,Northern America,"898561,0","1684,6886260000008","0,0",2727
2023-09-01,tiktok,Americas,Northern America,"18847,0","136,56831250000002","0,0",243
2023-09-01,youtube,Americas,Northern America,"629623,0","1405,9797825","0,0",3249
2023-09-01,amazon,Europe,Northern Europe,"4053,0","24,6382965","0,0",248
2023-09-01,facebook,Europe,Northern Europe,"1574,0","4,9133485","0,0",372
2023-09-01,spotify,Europe,Northern Europe,"456464,0","926,6033179999998","0,0",2294
2023-09-01,tiktok,Europe,Northern Europe,"824,0","4,40224","0,0",71
2023-09-01,youtube,Europe,Northern Europe,"122132,0","73,03509300000002","0,0",1862
2023-09-01,facebook,Oceania,Polynesia,"96,0","0,032408","0,0",22
2023-09-01,spotify,Oceania,Polynesia,"19,0","0,005491","0,0",4
2023-09-01,tiktok,Oceania,Polynesia,"95,0","0,0716965","0,0",8
2023-09-01,youtube,Oceania,Polynesia,"1674,0","0,0175605","0,0",69
2023-09-01,amazon,Americas,South America,"63315,0","56,21908250000003","0,0",1514
2023-09-01,facebook,Americas,South America,"413220,0","297,0626054999997","0,0",2902
2023-09-01,spotify,Americas,South America,"4789632,0","2595,165239499997","0,0",8165
2023-09-01,tiktok,Americas,South America,"74116,0","113,40472000000004","0,0",914
2023-09-01,youtube,Americas,South America,"4279668,0","881,4680145","1,0",10200
2023-09-01,facebook,Asia,South-Eastern Asia,"5460,0","4,026946","0,0",374
2023-09-01,spotify,Asia,South-Eastern Asia,"54023,0","25,08292349999999","0,0",867
2023-09-01,tiktok,Asia,South-Eastern Asia,"1332,0","1,6262049999999997","0,0",79
2023-09-01,youtube,Asia,South-Eastern Asia,"212461,0","16,171244","0,0",1117
2023-09-01,facebook,Africa,Southern Africa,"2654,0","1,1169005","0,0",121
2023-09-01,spotify,Africa,Southern Africa,"8033,0","3,447743000000001","0,0",302
2023-09-01,tiktok,Africa,Southern Africa,"525,0","1,1896529999999994","0,0",47
2023-09-01,youtube,Africa,Southern Africa,"12627,0","2,0658730000000003","0,0",363
2023-09-01,facebook,Asia,Southern Asia,"5093,0","0,5346465","0,0",221
2023-09-01,spotify,Asia,Southern Asia,"55082,0","20,528295500000002","0,0",615
2023-09-01,tiktok,Asia,Southern Asia,"4656,0","1,8515405000000003","0,0",31
2023-09-01,youtube,Asia,Southern Asia,"26823,0","2,114039","0,0",800
2023-09-01,amazon,Europe,Southern Europe,"5170,0","9,338813000000002","0,0",426
2023-09-01,facebook,Europe,Southern Europe,"14981,0","64,84665849999999","0,0",975
2023-09-01,spotify,Europe,Southern Europe,"624682,0","550,3394364999998","0,0",2910
2023-09-01,tiktok,Europe,Southern Europe,"4946,0","19,744208999999998","0,0",207
2023-09-01,youtube,Europe,Southern Europe,"230546,0","104,57322950000001","0,0",2898
2023-09-01,facebook,Africa,Western Africa,"4314,0","2,2472059999999994","0,0",202
2023-09-01,spotify,Africa,Western Africa,"19675,0","2,227598","0,0",331
2023-09-01,tiktok,Africa,Western Africa,"10126,0","8,243082000000001","0,0",115
2023-09-01,youtube,Africa,Western Africa,"22640,0","0,34752199999999994","0,0",428
2023-09-01,facebook,Asia,Western Asia,"12010,0","6,2514595","0,0",489
2023-09-01,spotify,Asia,Western Asia,"91421,0","25,6126745","0,0",1252
2023-09-01,tiktok,Asia,Western Asia,"3092,0","5,5508465","0,0",171
2023-09-01,youtube,Asia,Western Asia,"166567,0","17,943349000000005","0,0",1454
2023-09-01,amazon,Europe,Western Europe,"4687,0","17,078640500000002","0,0",345
2023-09-01,facebook,Europe,Western Europe,"2310,0","6,731073500000001","0,0",599
2023-09-01,spotify,Europe,Western Europe,"501351,0","915,3702529999999","0,0",2900
2023-09-01,tiktok,Europe,Western Europe,"788,0","4,40205","0,0",124
2023-09-01,youtube,Europe,Western Europe,"413009,0","149,16255150000006","0,0",2628
2023-09-01,youtube,Polar,,"1,0","0,0","0,0",1
2023-09-01,facebook,,,"8397,0","6,743204000000004","0,0",3846
2023-09-01,youtube,,,"13852,0","0,0","0,0",102
2023-10-01,amazon,Oceania,Australia and New Zealand,"51,0","0,1364435","0,0",28
2023-10-01,facebook,Oceania,Australia and New Zealand,"432,0","1,455079","0,0",133
2023-10-01,spotify,Oceania,Australia and New Zealand,"68053,0","112,84101950000002","0,0",764
2023-10-01,tiktok,Oceania,Australia and New Zealand,"129,0","0,715001","0,0",20
2023-10-01,youtube,Oceania,Australia and New Zealand,"12203,0","20,272936500000004","0,0",559
2023-10-01,amazon,Americas,Caribbean,"22,0","0,0811335","0,0",9
2023-10-01,facebook,Americas,Caribbean,"12986,0","14,233127999999999","0,0",457
2023-10-01,spotify,Americas,Caribbean,"12501,0","9,6422575","0,0",496
2023-10-01,tiktok,Americas,Caribbean,"2283,0","4,912179","0,0",111
2023-10-01,youtube,Americas,Caribbean,"335447,0","11,198395000000001","0,0",1168
2023-10-01,amazon,Americas,Central America,"33899,0","47,28918850000001","0,0",767
2023-10-01,facebook,Americas,Central America,"108315,0","77,61798199999997","0,0",1739
2023-10-01,spotify,Americas,Central America,"1278063,0","819,8078414999982","0,0",3045
2023-10-01,tiktok,Americas,Central America,"59736,0","112,9637305","0,0",387
2023-10-01,youtube,Americas,Central America,"1339777,0","410,6472070000002","0,0",3761
2023-10-01,facebook,Asia,Central Asia,"3601,0","1,8652985000000002","0,0",96
2023-10-01,spotify,Asia,Central Asia,"3962,0","1,201676","0,0",184
2023-10-01,tiktok,Asia,Central Asia,"2382,0","2,5897875000000004","0,0",55
2023-10-01,youtube,Asia,Central Asia,"18884,0","0,0682955","0,0",284
2023-10-01,facebook,Africa,Eastern Africa,"7815,0","1,5353614999999998","0,0",343
2023-10-01,spotify,Africa,Eastern Africa,"21156,0","3,57052","0,0",504
2023-10-01,tiktok,Africa,Eastern Africa,"16550,0","6,9357799999999985","0,0",200
2023-10-01,youtube,Africa,Eastern Africa,"157478,0","1,9524765","0,0",493
2023-10-01,amazon,Asia,Eastern Asia,"307,0","0,5960665","0,0",69
2023-10-01,facebook,Asia,Eastern Asia,"1057,0","1,496483","0,0",240
2023-10-01,spotify,Asia,Eastern Asia,"28944,0","25,036491","0,0",575
2023-10-01,tiktok,Asia,Eastern Asia,"487,0","0,6161659999999999","0,0",31
2023-10-01,youtube,Asia,Eastern Asia,"21053,0","21,461735500000003","0,0",971
2023-10-01,amazon,Europe,Eastern Europe,"5,0","0,0111675","0,0",2
2023-10-01,facebook,Europe,Eastern Europe,"4025,0","4,444805999999999","0,0",389
2023-10-01,spotify,Europe,Eastern Europe,"83333,0","47,36829549999999","0,0",1134
2023-10-01,tiktok,Europe,Eastern Europe,"2445,0","4,930389","0,0",92
2023-10-01,youtube,Europe,Eastern Europe,"540828,0","38,90677599999999","0,0",2484
2023-10-01,facebook,Oceania,Melanesia,"192,0","0,07140349999999998","0,0",38
2023-10-01,spotify,Oceania,Melanesia,"246,0","0,0604935","0,0",24
2023-10-01,tiktok,Oceania,Melanesia,"1022,0","1,109674","0,0",8
2023-10-01,youtube,Oceania,Melanesia,"1080,0","0,043987500000000006","0,0",95
2023-10-01,facebook,Oceania,Micronesia,"66,0","0,044454999999999995","0,0",23
2023-10-01,tiktok,Oceania,Micronesia,"2,0","0,0017900000000000001","0,0",2
2023-10-01,youtube,Oceania,Micronesia,"968,0","0,4186105","0,0",58
2023-10-01,facebook,Africa,Middle Africa,"3221,0","0,7139385000000001","0,0",151
2023-10-01,spotify,Africa,Middle Africa,"5046,0","0,6682925000000001","0,0",277
2023-10-01,tiktok,Africa,Middle Africa,"1641,0","0,46012099999999995","0,0",90
2023-10-01,youtube,Africa,Middle Africa,"14255,0","0,0","0,0",261
2023-10-01,facebook,Africa,Northern Africa,"1867,0","1,6756139999999997","0,0",170
2023-10-01,spotify,Africa,Northern Africa,"11028,0","1,8170599999999997","0,0",242
2023-10-01,tiktok,Africa,Northern Africa,"236,0","0,32453699999999996","0,0",52
2023-10-01,youtube,Africa,Northern Africa,"20409,0","1,0364365","0,0",394
2023-10-01,amazon,Americas,Northern America,"16137,0","62,82786500000001","0,0",1228
2023-10-01,facebook,Americas,Northern America,"38375,0","149,42843799999997","0,0",1419
2023-10-01,spotify,Americas,Northern America,"819596,0","1515,7193854999996","0,0",2766
2023-10-01,tiktok,Americas,Northern America,"9780,0","68,706798","0,0",272
2023-10-01,youtube,Americas,Northern America,"1116189,0","1563,5574104999996","0,0",3291
2023-10-01,amazon,Europe,Northern Europe,"959,0","4,1881235","0,0",225
2023-10-01,facebook,Europe,Northern Europe,"2693,0","5,832068999999999","0,0",431
2023-10-01,spotify,Europe,Northern Europe,"170729,0","279,580876","0,0",2096
2023-10-01,tiktok,Europe,Northern Europe,"688,0","3,7129424999999996","0,0",94
2023-10-01,youtube,Europe,Northern Europe,"140727,0","108,74915200000004","0,0",1865
2023-10-01,facebook,Oceania,Polynesia,"1120,0","0,33432549999999994","0,0",25
2023-10-01,spotify,Oceania,Polynesia,"1,0","0,0","0,0",1
2023-10-01,tiktok,Oceania,Polynesia,"7,0","0,0066035","0,0",3
2023-10-01,youtube,Oceania,Polynesia,"1171,0","0,023357000000000003","0,0",56
2023-10-01,amazon,Americas,South America,"57951,0","64,166113","0,0",1561
2023-10-01,facebook,Americas,South America,"827129,0","507,3930379999999","0,0",3621
2023-10-01,spotify,Americas,South America,"9888321,0","3306,0077549999987","0,0",7116
2023-10-01,tiktok,Americas,South America,"152715,0","221,5999015","0,0",1091
2023-10-01,youtube,Americas,South America,"8868707,0","2043,1438264999995","0,0",9012
2023-10-01,facebook,Asia,South-Eastern Asia,"13305,0","6,754936000000001","0,0",438
2023-10-01,spotify,Asia,South-Eastern Asia,"53281,0","17,989852499999998","0,0",962
2023-10-01,tiktok,Asia,South-Eastern Asia,"8651,0","7,960980999999999","0,0",108
2023-10-01,youtube,Asia,South-Eastern Asia,"367555,0","19,4511445","0,0",1113
2023-10-01,facebook,Africa,Southern Africa,"3285,0","3,209872","0,0",165
2023-10-01,spotify,Africa,Southern Africa,"7906,0","3,7714885","0,0",389
2023-10-01,tiktok,Africa,Southern Africa,"742,0","0,6764899999999999","0,0",62
2023-10-01,youtube,Africa,Southern Africa,"41505,0","4,093267","0,0",377
2023-10-01,facebook,Asia,Southern Asia,"10380,0","1,4026620000000003","0,0",269
2023-10-01,spotify,Asia,Southern Asia,"30807,0","8,321850000000001","0,0",609
2023-10-01,tiktok,Asia,Southern Asia,"638,0","0,327572","0,0",30
2023-10-01,youtube,Asia,Southern Asia,"156797,0","2,4917939999999996","0,0",789
2023-10-01,amazon,Europe,Southern Europe,"6006,0","16,051553500000004","0,0",517
2023-10-01,facebook,Europe,Southern Europe,"53140,0","66,8005705","0,0",1136
2023-10-01,spotify,Europe,Southern Europe,"465006,0","328,6466429999999","0,0",2527
2023-10-01,tiktok,Europe,Southern Europe,"4955,0","19,993789999999997","0,0",214
2023-10-01,youtube,Europe,Southern Europe,"189230,0","67,41805750000002","0,0",2676
2023-10-01,facebook,Africa,Western Africa,"2841,0","1,2941515","0,0",217
2023-10-01,spotify,Africa,Western Africa,"9610,0","0,8524969999999998","0,0",370
2023-10-01,tiktok,Africa,Western Africa,"7337,0","7,8405725","0,0",107
2023-10-01,youtube,Africa,Western Africa,"31972,0","2,699491","0,0",487
2023-10-01,facebook,Asia,Western Asia,"9695,0","4,3737975","0,0",401
2023-10-01,spotify,Asia,Western Asia,"475916,0","110,76948300000002","0,0",1095
2023-10-01,tiktok,Asia,Western Asia,"5618,0","9,383605000000001","0,0",196
2023-10-01,youtube,Asia,Western Asia,"2592621,0","538,8871240000001","0,0",1489
2023-10-01,amazon,Europe,Western Europe,"1418,0","4,503175000000001","0,0",324
2023-10-01,facebook,Europe,Western Europe,"6986,0","15,062316499999994","0,0",660
2023-10-01,spotify,Europe,Western Europe,"205394,0","330,7858775","0,0",2599
2023-10-01,tiktok,Europe,Western Europe,"945,0","5,088012499999999","0,0",144
2023-10-01,youtube,Europe,Western Europe,"211359,0","268,07587","0,0",2528
2023-10-01,facebook,,,"6685,0","7,033137000000037","0,0",3982
2023-10-01,youtube,,,"8332,0","0,0","0,0",96
2023-11-01,amazon,Oceania,Australia and New Zealand,"214,0","0,6897684999999999","0,0",68
2023-11-01,facebook,Oceania,Australia and New Zealand,"942,0","2,2016630000000004","0,0",175
2023-11-01,spotify,Oceania,Australia and New Zealand,"204628,0","336,4679695000001","0,0",906
2023-11-01,tiktok,Oceania,Australia and New Zealand,"203,0","1,1079470000000002","0,0",30
2023-11-01,youtube,Oceania,Australia and New Zealand,"50927,0","318,215532","0,0",714
2023-11-01,amazon,Americas,Caribbean,"16,0","0,0389735","0,0",7
2023-11-01,facebook,Americas,Caribbean,"8208,0","7,347085500000002","0,0",386
2023-11-01,spotify,Americas,Caribbean,"25128,0","13,161462499999999","0,0",501
2023-11-01,tiktok,Americas,Caribbean,"950,0","1,7308055000000002","0,0",103
2023-11-01,youtube,Americas,Caribbean,"312339,0","8,39229","0,0",1374
2023-11-01,amazon,Americas,Central America,"68313,0","49,27417999999998","0,0",1166
2023-11-01,facebook,Americas,Central America,"84853,0","116,96197299999996","0,0",1359
2023-11-01,spotify,Americas,Central America,"2085950,0","1137,1567734999999","0,0",3149
2023-11-01,tiktok,Americas,Central America,"9990,0","17,9653195","0,0",353
2023-11-01,youtube,Americas,Central America,"847548,0","289,921255","0,0",4260
2023-11-01,facebook,Asia,Central Asia,"579,0","0,37538750000000004","0,0",75
2023-11-01,spotify,Asia,Central Asia,"52140,0","9,4983685","0,0",388
2023-11-01,tiktok,Asia,Central Asia,"689,0","0,9608285","0,0",32
2023-11-01,youtube,Asia,Central Asia,"371310,0","75,575939","0,0",220
2023-11-01,facebook,Africa,Eastern Africa,"77232,0","37,9461675","0,0",391
2023-11-01,spotify,Africa,Eastern Africa,"26995,0","3,4346499999999986","0,0",503
2023-11-01,tiktok,Africa,Eastern Africa,"31542,0","10,377391000000003","0,0",166
2023-11-01,youtube,Africa,Eastern Africa,"94062,0","0,892376","0,0",579
2023-11-01,amazon,Asia,Eastern Asia,"327,0","1,000599","0,0",118
2023-11-01,facebook,Asia,Eastern Asia,"874,0","1,5010795","0,0",212
2023-11-01,spotify,Asia,Eastern Asia,"51968,0","22,0237545","0,0",782
2023-11-01,tiktok,Asia,Eastern Asia,"186,0","0,718601","0,0",26
2023-11-01,youtube,Asia,Eastern Asia,"846555,0","856,3596694999997","0,0",1030
2023-11-01,amazon,Europe,Eastern Europe,"2,0","0,003505","0,0",2
2023-11-01,facebook,Europe,Eastern Europe,"2227,0","1,931016","0,0",316
2023-11-01,spotify,Europe,Eastern Europe,"304363,0","136,453428","0,0",1830
2023-11-01,tiktok,Europe,Eastern Europe,"515,0","1,037509","0,0",72
2023-11-01,youtube,Europe,Eastern Europe,"772845,0","61,6038985","0,0",2623
2023-11-01,facebook,Oceania,Melanesia,"299,0","0,105274","0,0",55
2023-11-01,spotify,Oceania,Melanesia,"1032,0","0,262379","0,0",37
2023-11-01,tiktok,Oceania,Melanesia,"12,0","0,0074635","0,0",6
2023-11-01,youtube,Oceania,Melanesia,"1858,0","0,0041025","0,0",98
2023-11-01,facebook,Oceania,Micronesia,"94,0","0,05515900000000001","0,0",33
2023-11-01,spotify,Oceania,Micronesia,"7,0","0,0054695","0,0",2
2023-11-01,youtube,Oceania,Micronesia,"1608,0","0,9178405000000001","0,0",67
2023-11-01,facebook,Africa,Middle Africa,"1954,0","1,513448","0,0",158
2023-11-01,spotify,Africa,Middle Africa,"13277,0","0,27501149999999996","0,0",234
2023-11-01,tiktok,Africa,Middle Africa,"2369,0","0,7904235","0,0",89
2023-11-01,youtube,Africa,Middle Africa,"16206,0","0,0","0,0",312
2023-11-01,facebook,Africa,Northern Africa,"1122,0","1,8195325","0,0",171
2023-11-01,spotify,Africa,Northern Africa,"6699,0","1,75497","0,0",340
2023-11-01,tiktok,Africa,Northern Africa,"1856,0","2,5852894999999996","0,0",58
2023-11-01,youtube,Africa,Northern Africa,"12805,0","0,33006749999999996","0,0",421
2023-11-01,amazon,Americas,Northern America,"34041,0","132,6934779999999","0,0",1764
2023-11-01,facebook,Americas,Northern America,"17988,0","93,11159350000001","0,0",1253
2023-11-01,spotify,Americas,Northern America,"3243548,0","395,6577325000009","0,0",3012
2023-11-01,tiktok,Americas,Northern America,"15285,0","104,89929799999994","0,0",270
2023-11-01,youtube,Americas,Northern America,"538085,0","1500,2526075000014","0,0",3662
2023-11-01,amazon,Europe,Northern Europe,"3542,0","19,810745499999996","0,0",330
2023-11-01,facebook,Europe,Northern Europe,"1847,0","5,120946500000001","0,0",402
2023-11-01,spotify,Europe,Northern Europe,"249442,0","519,791437","0,0",2868
2023-11-01,tiktok,Europe,Northern Europe,"363,0","1,9284965","0,0",79
2023-11-01,youtube,Europe,Northern Europe,"134534,0","100,658961","0,0",2020
2023-11-01,facebook,Oceania,Polynesia,"91,0","0,031753","0,0",28
2023-11-01,spotify,Oceania,Polynesia,"31,0","0,0029895","0,0",4
2023-11-01,tiktok,Oceania,Polynesia,"69,0","0,0432695","0,0",8
2023-11-01,youtube,Oceania,Polynesia,"738,0","0,050356","0,0",63
2023-11-01,amazon,Americas,South America,"135709,0","106,47363850000002","0,0",2300
2023-11-01,facebook,Americas,South America,"517914,0","506,8144849999997","0,0",2981
2023-11-01,spotify,Americas,South America,"7672225,0","3695,1356465","0,0",7905
2023-11-01,tiktok,Americas,South America,"49977,0","76,06219849999997","0,0",1003
2023-11-01,youtube,Americas,South America,"11940951,0","2274,7716525000005","0,0",10710
2023-11-01,facebook,Asia,South-Eastern Asia,"5707,0","5,246799","0,0",376
2023-11-01,spotify,Asia,South-Eastern Asia,"486505,0","93,33631600000001","0,0",1103
2023-11-01,tiktok,Asia,South-Eastern Asia,"1716,0","2,374936","0,0",97
2023-11-01,youtube,Asia,South-Eastern Asia,"200090,0","40,346079","0,0",1201
2023-11-01,facebook,Africa,Southern Africa,"7139,0","3,9388879999999995","0,0",201
2023-11-01,spotify,Africa,Southern Africa,"8301,0","1,4698030000000002","0,0",402
2023-11-01,tiktok,Africa,Southern Africa,"511,0","0,4207685","0,0",32
2023-11-01,youtube,Africa,Southern Africa,"19639,0","2,8571410000000004","0,0",448
2023-11-01,facebook,Asia,Southern Asia,"1948,0","0,379509","0,0",243
2023-11-01,spotify,Asia,Southern Asia,"196840,0","23,797685000000005","0,0",749
2023-11-01,tiktok,Asia,Southern Asia,"404,0","0,2110045","0,0",43
2023-11-01,youtube,Asia,Southern Asia,"169717,0","14,763231000000001","0,0",872
2023-11-01,amazon,Europe,Southern Europe,"8793,0","31,839041999999992","0,0",637
2023-11-01,facebook,Europe,Southern Europe,"24097,0","91,7051925","0,0",1015
2023-11-01,spotify,Europe,Southern Europe,"750968,0","536,3609414999996","0,0",3139
2023-11-01,tiktok,Europe,Southern Europe,"3710,0","14,037944000000003","0,0",203
2023-11-01,youtube,Europe,Southern Europe,"224781,0","117,688985","0,0",2904
2023-11-01,facebook,Africa,Western Africa,"39851,0","6,334292500000002","0,0",255
2023-11-01,spotify,Africa,Western Africa,"40822,0","4,621121999999999","0,0",492
2023-11-01,tiktok,Africa,Western Africa,"12932,0","13,015819499999992","0,0",120
2023-11-01,youtube,Africa,Western Africa,"27043,0","1,314682","0,0",520
2023-11-01,facebook,Asia,Western Asia,"17044,0","10,938866500000003","0,0",389
2023-11-01,spotify,Asia,Western Asia,"147779,0","47,931306","0,0",1619
2023-11-01,tiktok,Asia,Western Asia,"743251,0","671,0282965000006","0,0",157
2023-11-01,youtube,Asia,Western Asia,"504323,0","81,45104249999999","0,0",1731
2023-11-01,amazon,Europe,Western Europe,"2233,0","6,3741794999999986","0,0",398
2023-11-01,facebook,Europe,Western Europe,"7063,0","11,077948","0,0",595
2023-11-01,spotify,Europe,Western Europe,"847357,0","927,9942409999999","0,0",3233
2023-11-01,tiktok,Europe,Western Europe,"1125,0","6,1069905","0,0",162
2023-11-01,youtube,Europe,Western Europe,"154085,0","122,64494649999996","0,0",2924
2023-11-01,youtube,Polar,,"1,0","0,0","0,0",1
2023-11-01,facebook,,,"6446,0","5,596216000000021","0,0",3301
2023-11-01,tiktok,,,"3,0","0,0031065","0,0",3
2023-11-01,youtube,,,"21588,0","0,0","0,0",92
2023-12-01,amazon,Oceania,Australia and New Zealand,"248,0","0,689199","0,0",68
2023-12-01,facebook,Oceania,Australia and New Zealand,"4432,0","7,4626235","0,0",193
2023-12-01,spotify,Oceania,Australia and New Zealand,"266883,0","349,2528660000001","0,0",874
2023-12-01,tiktok,Oceania,Australia and New Zealand,"172,0","0,7954235","0,0",26
2023-12-01,youtube,Oceania,Australia and New Zealand,"23944,0","54,143993000000016","0,0",741
2023-12-01,amazon,Americas,Caribbean,"25,0","0,055717499999999996","0,0",10
2023-12-01,facebook,Americas,Caribbean,"25122,0","14,689601499999997","0,0",407
2023-12-01,spotify,Americas,Caribbean,"45348,0","19,691867500000004","0,0",484
2023-12-01,tiktok,Americas,Caribbean,"6691,0","14,970981999999996","0,0",118
2023-12-01,youtube,Americas,Caribbean,"632457,0","10,047735000000001","0,0",1587
2023-12-01,amazon,Americas,Central America,"35933,0","33,43720000000001","0,0",913
2023-12-01,facebook,Americas,Central America,"162421,0","176,98724249999998","0,0",1337
2023-12-01,spotify,Americas,Central America,"3226679,0","1972,3429005000007","0,0",3035
2023-12-01,tiktok,Americas,Central America,"17858,0","29,344336","0,0",314
2023-12-01,youtube,Americas,Central America,"980700,0","218,07878549999992","0,0",4892
2023-12-01,facebook,Asia,Central Asia,"3170,0","1,256367","0,0",124
2023-12-01,spotify,Asia,Central Asia,"4395,0","1,2273255","0,0",248
2023-12-01,tiktok,Asia,Central Asia,"2566,0","1,0038305","0,0",53
2023-12-01,youtube,Asia,Central Asia,"255061,0","1,2910564999999998","0,0",359
2023-12-01,facebook,Africa,Eastern Africa,"9197,0","1,6219815000000002","0,0",283
2023-12-01,spotify,Africa,Eastern Africa,"74614,0","13,2811905","0,0",423
2023-12-01,tiktok,Africa,Eastern Africa,"8056,0","2,7264885000000003","0,0",106
2023-12-01,youtube,Africa,Eastern Africa,"387599,0","2,3141815","0,0",648
2023-12-01,amazon,Asia,Eastern Asia,"360,0","1,0562805000000002","0,0",82
2023-12-01,facebook,Asia,Eastern Asia,"834,0","1,5027469999999998","0,0",235
2023-12-01,spotify,Asia,Eastern Asia,"34009,0","25,1847265","0,0",685
2023-12-01,tiktok,Asia,Eastern Asia,"272,0","0,9140784999999999","0,0",33
2023-12-01,youtube,Asia,Eastern Asia,"36943,0","26,249296000000005","0,0",1163
2023-12-01,amazon,Europe,Eastern Europe,"10,0","0,026227499999999997","0,0",5
2023-12-01,facebook,Europe,Eastern Europe,"3370,0","2,4847205","0,0",417
2023-12-01,spotify,Europe,Eastern Europe,"54717,0","26,376168000000003","0,0",1511
2023-12-01,tiktok,Europe,Eastern Europe,"9067,0","15,26093","0,0",105
2023-12-01,youtube,Europe,Eastern Europe,"961227,0","53,51178899999999","0,0",3347
2023-12-01,facebook,Oceania,Melanesia,"172,0","0,07308650000000001","0,0",39
2023-12-01,spotify,Oceania,Melanesia,"556,0","0,345396","0,0",51
2023-12-01,tiktok,Oceania,Melanesia,"7,0","0,0045835","0,0",5
2023-12-01,youtube,Oceania,Melanesia,"1612,0","0,008076999999999999","0,0",107
2023-12-01,facebook,Oceania,Micronesia,"105,0","0,0661705","0,0",38
2023-12-01,spotify,Oceania,Micronesia,"45,0","0,0","0,0",10
2023-12-01,tiktok,Oceania,Micronesia,"1,0","0,001652","0,0",1
2023-12-01,youtube,Oceania,Micronesia,"466,0","0,6911385","0,0",59
2023-12-01,facebook,Africa,Middle Africa,"2624,0","0,7114450000000001","0,0",197
2023-12-01,spotify,Africa,Middle Africa,"13957,0","0,36003050000000003","0,0",279
2023-12-01,tiktok,Africa,Middle Africa,"1466,0","0,531196","0,0",83
2023-12-01,youtube,Africa,Middle Africa,"19836,0","0,0","0,0",324
2023-12-01,facebook,Africa,Northern Africa,"1545,0","3,260491","0,0",188
2023-12-01,spotify,Africa,Northern Africa,"8886,0","1,2883419999999999","0,0",386
2023-12-01,tiktok,Africa,Northern Africa,"1207,0","1,425386","0,0",60
2023-12-01,youtube,Africa,Northern Africa,"24746,0","0,43007899999999993","0,0",501
2023-12-01,amazon,Americas,Northern America,"31429,0","81,053967","0,0",1426
2023-12-01,facebook,Americas,Northern America,"23970,0","61,36332400000005","0,0",1300
2023-12-01,spotify,Americas,Northern America,"3254410,0","6207,7180015","0,0",2870
2023-12-01,tiktok,Americas,Northern America,"11906,0","71,57017650000002","0,0",250
2023-12-01,youtube,Americas,Northern America,"658646,0","1051,5204905","0,0",4142
2023-12-01,amazon,Europe,Northern Europe,"2406,0","12,734535999999999","0,0",302
2023-12-01,facebook,Europe,Northern Europe,"1728,0","3,4293460000000002","0,0",415
2023-12-01,spotify,Europe,Northern Europe,"439929,0","1132,5052065000002","0,0",2431
2023-12-01,tiktok,Europe,Northern Europe,"2137,0","10,0090825","0,0",118
2023-12-01,youtube,Europe,Northern Europe,"141825,0","118,557596","0,0",2371
2023-12-01,facebook,Oceania,Polynesia,"71,0","0,028633500000000003","0,0",22
2023-12-01,spotify,Oceania,Polynesia,"58,0","0,047810500000000006","0,0",10
2023-12-01,tiktok,Oceania,Polynesia,"19,0","0,0135965","0,0",7
2023-12-01,youtube,Oceania,Polynesia,"820,0","0,139756","0,0",70
2023-12-01,amazon,Americas,South America,"80100,0","61,729511000000066","0,0",1869
2023-12-01,facebook,Americas,South America,"563988,0","441,70355399999966","0,0",3328
2023-12-01,spotify,Americas,South America,"4483354,0","2362,5103449999992","0,0",8156
2023-12-01,tiktok,Americas,South America,"117304,0","141,1605675","0,0",1013
2023-12-01,youtube,Americas,South America,"8124021,0","1283,5826205","0,0",12005
2023-12-01,facebook,Asia,South-Eastern Asia,"7819,0","2,88105","0,0",430
2023-12-01,spotify,Asia,South-Eastern Asia,"91164,0","23,366347500000003","0,0",1159
2023-12-01,tiktok,Asia,South-Eastern Asia,"4411,0","3,4588920000000005","0,0",102
2023-12-01,youtube,Asia,South-Eastern Asia,"149204,0","11,659539","0,0",1412
2023-12-01,facebook,Africa,Southern Africa,"823,0","0,7616125000000001","0,0",153
2023-12-01,spotify,Africa,Southern Africa,"14812,0","4,7686335","0,0",421
2023-12-01,tiktok,Africa,Southern Africa,"267,0","0,5264880000000001","0,0",35
2023-12-01,youtube,Africa,Southern Africa,"23250,0","1,9489655000000001","0,0",490
2023-12-01,facebook,Asia,Southern Asia,"4303,0","0,9278455000000001","0,0",279
2023-12-01,spotify,Asia,Southern Asia,"39648,0","3,4052009999999995","0,0",751
2023-12-01,tiktok,Asia,Southern Asia,"292,0","0,1557105","0,0",46
2023-12-01,youtube,Asia,Southern Asia,"21663,0","2,0907785000000003","0,0",963
2023-12-01,amazon,Europe,Southern Europe,"6350,0","8,541168999999998","0,0",410
2023-12-01,facebook,Europe,Southern Europe,"91265,0","153,1557620000001","0,0",1102
2023-12-01,spotify,Europe,Southern Europe,"281638,0","239,43991700000007","0,0",3032
2023-12-01,tiktok,Europe,Southern Europe,"4331,0","12,295320499999999","0,0",194
2023-12-01,youtube,Europe,Southern Europe,"377437,0","113,31518000000003","0,0",3560
2023-12-01,facebook,Africa,Western Africa,"3563,0","1,2423239999999998","0,0",212
2023-12-01,spotify,Africa,Western Africa,"10740,0","1,0914879999999996","0,0",436
2023-12-01,tiktok,Africa,Western Africa,"1726,0","1,3693045","0,0",114
2023-12-01,youtube,Africa,Western Africa,"44974,0","0,7508355000000002","0,0",670
2023-12-01,facebook,Asia,Western Asia,"44715,0","16,180571000000004","0,0",417
2023-12-01,spotify,Asia,Western Asia,"324273,0","59,103766","0,0",1344
2023-12-01,tiktok,Asia,Western Asia,"5318,0","6,249507000000001","0,0",155
2023-12-01,youtube,Asia,Western Asia,"1762398,0","410,1994419999998","0,0",2027
2023-12-01,amazon,Europe,Western Europe,"2329,0","5,952779","0,0",321
2023-12-01,facebook,Europe,Western Europe,"4873,0","12,372597500000005","0,0",764
2023-12-01,spotify,Europe,Western Europe,"280957,0","464,98412350000007","0,0",3178
2023-12-01,tiktok,Europe,Western Europe,"28914,0","135,137629","0,0",177
2023-12-01,youtube,Europe,Western Europe,"162718,0","166,78753350000002","0,0",3301
2023-12-01,facebook,,,"8036,0","6,7079904999999735","0,0",4363
2023-12-01,tiktok,,,"4,0","0,003634","0,0",4
2023-12-01,youtube,,,"65748,0","0,0","0,0",119
2024-01-01,amazon,Oceania,Australia and New Zealand,"159,0","0,7968855","0,0",32
2024-01-01,facebook,Oceania,Australia and New Zealand,"763,0","8,278179000000002","0,0",159
2024-01-01,spotify,Oceania,Australia and New Zealand,"32773,0","50,1010845","0,0",618
2024-01-01,tiktok,Oceania,Australia and New Zealand,"39,0","0,18135250000000003","0,0",15
2024-01-01,youtube,Oceania,Australia and New Zealand,"19636,0","19,263256","0,0",594
2024-01-01,amazon,Americas,Caribbean,"18,0","0,04569949999999999","0,0",8
2024-01-01,facebook,Americas,Caribbean,"2586,0","2,4064035","0,0",315
2024-01-01,spotify,Americas,Caribbean,"35601,0","12,426533500000001","0,0",372
2024-01-01,tiktok,Americas,Caribbean,"855,0","1,3964965","0,0",65
2024-01-01,youtube,Americas,Caribbean,"736523,0","10,131876500000002","0,0",1052
2024-01-01,amazon,Americas,Central America,"46047,0","26,11783350000001","0,0",687
2024-01-01,facebook,Americas,Central America,"26724,0","28,0999265","0,0",1263
2024-01-01,spotify,Americas,Central America,"3456253,0","1780,000383000001","0,0",2231
2024-01-01,tiktok,Americas,Central America,"8507,0","14,042791999999995","0,0",241
2024-01-01,youtube,Americas,Central America,"1841742,0","294,7083860000001","0,0",3386
2024-01-01,facebook,Asia,Central Asia,"1430,0","0,9321245000000002","0,0",159
2024-01-01,spotify,Asia,Central Asia,"18979,0","7,703499","0,0",217
2024-01-01,tiktok,Asia,Central Asia,"1693,0","1,880449","0,0",62
2024-01-01,youtube,Asia,Central Asia,"51127,0","0,12201850000000002","0,0",285
2024-01-01,facebook,Africa,Eastern Africa,"62759,0","9,264944999999999","0,0",284
2024-01-01,spotify,Africa,Eastern Africa,"21188,0","4,065108499999999","0,0",313
2024-01-01,tiktok,Africa,Eastern Africa,"4104,0","4,3698060000000005","0,0",67
2024-01-01,youtube,Africa,Eastern Africa,"402886,0","0,9290385000000001","0,0",474
2024-01-01,amazon,Asia,Eastern Asia,"211,0","0,5849795000000001","0,0",82
2024-01-01,facebook,Asia,Eastern Asia,"697,0","2,5597779999999997","0,0",241
2024-01-01,spotify,Asia,Eastern Asia,"14530,0","11,697118","0,0",558
2024-01-01,tiktok,Asia,Eastern Asia,"326,0","1,0538900000000002","0,0",24
2024-01-01,youtube,Asia,Eastern Asia,"64048,0","29,8192255","0,0",1008
2024-01-01,amazon,Europe,Eastern Europe,"1,0","0,001968","0,0",1
2024-01-01,facebook,Europe,Eastern Europe,"2816,0","3,916107000000001","0,0",463
2024-01-01,spotify,Europe,Eastern Europe,"70605,0","33,04052","0,0",1187
2024-01-01,tiktok,Europe,Eastern Europe,"1039,0","1,5663269999999998","0,0",98
2024-01-01,youtube,Europe,Eastern Europe,"609936,0","93,97414849999998","0,0",2693
2024-01-01,facebook,Oceania,Melanesia,"1106,0","0,19276749999999995","0,0",25
2024-01-01,spotify,Oceania,Melanesia,"18,0","0,0029205","0,0",8
2024-01-01,tiktok,Oceania,Melanesia,"8,0","0,0028215000000000002","0,0",2
2024-01-01,youtube,Oceania,Melanesia,"3877,0","0,0","0,0",94
2024-01-01,facebook,Oceania,Micronesia,"160,0","0,022114999999999996","0,0",13
2024-01-01,spotify,Oceania,Micronesia,"4,0","0,0","0,0",2
2024-01-01,tiktok,Oceania,Micronesia,"1,0","0,000214","0,0",1
2024-01-01,youtube,Oceania,Micronesia,"251,0","0,36005000000000004","0,0",53
2024-01-01,facebook,Africa,Middle Africa,"4134,0","2,9605309999999996","0,0",181
2024-01-01,spotify,Africa,Middle Africa,"10939,0","0,3545485","0,0",220
2024-01-01,tiktok,Africa,Middle Africa,"308,0","0,08934950000000001","0,0",49
2024-01-01,youtube,Africa,Middle Africa,"7105,0","0,0","0,0",265
2024-01-01,facebook,Africa,Northern Africa,"21522,0","4,410842500000002","0,0",170
2024-01-01,spotify,Africa,Northern Africa,"6520,0","1,7907419999999998","0,0",241
2024-01-01,tiktok,Africa,Northern Africa,"616,0","0,7949745","0,0",52
2024-01-01,youtube,Africa,Northern Africa,"54755,0","0,6391789999999999","0,0",426
2024-01-01,amazon,Americas,Northern America,"19945,0","69,928794","0,0",1195
2024-01-01,facebook,Americas,Northern America,"9861,0","49,97583650000001","0,0",1078
2024-01-01,spotify,Americas,Northern America,"345895,0","418,80277049999984","0,0",2157
2024-01-01,tiktok,Americas,Northern America,"3446,0","21,26812850000001","0,0",262
2024-01-01,youtube,Americas,Northern America,"569348,0","734,5295440000002","0,0",3027
2024-01-01,amazon,Europe,Northern Europe,"1279,0","4,620812000000001","0,0",249
2024-01-01,facebook,Europe,Northern Europe,"2074,0","4,7745425","0,0",486
2024-01-01,spotify,Europe,Northern Europe,"89292,0","164,22965600000006","0,0",1795
2024-01-01,tiktok,Europe,Northern Europe,"372,0","1,5806330000000002","0,0",77
2024-01-01,youtube,Europe,Northern Europe,"121443,0","136,2054925","0,0",1930
2024-01-01,facebook,Oceania,Polynesia,"52,0","0,020281999999999998","0,0",20
2024-01-01,tiktok,Oceania,Polynesia,"4,0","0,003414","0,0",2
2024-01-01,youtube,Oceania,Polynesia,"207,0","0,0003579999999999999","0,0",35
2024-01-01,amazon,Americas,South America,"172582,0","220,49757349999993","0,0",1560
2024-01-01,facebook,Americas,South America,"2698755,0","1401,7388485000006","0,0",3485
2024-01-01,spotify,Americas,South America,"6097126,0","3007,227770999997","0,0",5957
2024-01-01,tiktok,Americas,South America,"45963,0","65,65979","0,0",785
2024-01-01,youtube,Americas,South America,"8035274,0","1276,9893080000004","1,0",9390
2024-01-01,facebook,Asia,South-Eastern Asia,"5279,0","4,786681","0,0",463
2024-01-01,spotify,Asia,South-Eastern Asia,"23841,0","7,741941499999996","0,0",754
2024-01-01,tiktok,Asia,South-Eastern Asia,"730,0","0,455508","0,0",84
2024-01-01,youtube,Asia,South-Eastern Asia,"5155850,0","20,6831525","0,0",1046
2024-01-01,facebook,Africa,Southern Africa,"2197,0","0,8913679999999999","0,0",156
2024-01-01,spotify,Africa,Southern Africa,"6797,0","2,070416","0,0",268
2024-01-01,tiktok,Africa,Southern Africa,"249,0","0,4780695","0,0",27
2024-01-01,youtube,Africa,Southern Africa,"31463,0","1,8591444999999998","0,0",330
2024-01-01,facebook,Asia,Southern Asia,"3832,0","0,8983070000000003","0,0",286
2024-01-01,spotify,Asia,Southern Asia,"93081,0","7,655918999999999","0,0",546
2024-01-01,tiktok,Asia,Southern Asia,"175,0","0,0760615","0,0",34
2024-01-01,youtube,Asia,Southern Asia,"58024,0","2,9448665","0,0",774
2024-01-01,amazon,Europe,Southern Europe,"8873,0","11,986744000000002","0,0",450
2024-01-01,facebook,Europe,Southern Europe,"10422,0","19,1075445","0,0",1055
2024-01-01,spotify,Europe,Southern Europe,"602570,0","422,1533499999998","0,0",2178
2024-01-01,tiktok,Europe,Southern Europe,"9286,0","34,4077325","0,0",199
2024-01-01,youtube,Europe,Southern Europe,"576740,0","424,2966705000003","0,0",2779
2024-01-01,facebook,Africa,Western Africa,"15019,0","8,074316","0,0",244
2024-01-01,spotify,Africa,Western Africa,"51856,0","5,205753500000001","0,0",267
2024-01-01,tiktok,Africa,Western Africa,"11546,0","9,186885000000002","0,0",94
2024-01-01,youtube,Africa,Western Africa,"63205,0","4,325114500000001","0,0",539
2024-01-01,facebook,Asia,Western Asia,"10062,0","22,062107499999993","0,0",454
2024-01-01,spotify,Asia,Western Asia,"33171,0","12,745182999999997","0,0",989
2024-01-01,tiktok,Asia,Western Asia,"6678,0","5,9308405","0,0",124
2024-01-01,youtube,Asia,Western Asia,"193847,0","36,44180700000001","0,0",1652
2024-01-01,amazon,Europe,Western Europe,"1725,0","7,7779915","0,0",306
2024-01-01,facebook,Europe,Western Europe,"3804,0","15,161608999999999","0,0",698
2024-01-01,spotify,Europe,Western Europe,"437632,0","1178,9809225000008","0,0",2317
2024-01-01,tiktok,Europe,Western Europe,"1896,0","9,239365500000002","0,0",128
2024-01-01,youtube,Europe,Western Europe,"109407,0","126,82987999999997","0,0",2543
2024-01-01,facebook,,,"4479,0","3,988450999999993","0,0",2814
2024-01-01,tiktok,,,"8,0","0,0074675","0,0",1
2024-01-01,youtube,,,"121868,0","0,0","0,0",101
2024-02-01,amazon,Oceania,Australia and New Zealand,"399,0","1,7900034999999996","0,0",58
2024-02-01,facebook,Oceania,Australia and New Zealand,"431,0","1,584573","0,0",119
2024-02-01,spotify,Oceania,Australia and New Zealand,"26088,0","41,60969650000001","0,0",591
2024-02-01,tiktok,Oceania,Australia and New Zealand,"148,0","0,7884715000000001","0,0",10
2024-02-01,youtube,Oceania,Australia and New Zealand,"19232,0","28,393529500000003","0,0",575
2024-02-01,amazon,Americas,Caribbean,"4,0","0,0094055","0,0",3
2024-02-01,facebook,Americas,Caribbean,"2451,0","2,5544565","0,0",357
2024-02-01,spotify,Americas,Caribbean,"22779,0","10,834069","0,0",366
2024-02-01,tiktok,Americas,Caribbean,"701,0","1,1727015","0,0",92
2024-02-01,youtube,Americas,Caribbean,"468539,0","10,756035500000003","0,0",1171
2024-02-01,amazon,Americas,Central America,"39331,0","32,458803999999986","0,0",900
2024-02-01,facebook,Americas,Central America,"51334,0","83,22269700000004","0,0",1277
2024-02-01,spotify,Americas,Central America,"3230137,0","1575,5276280000019","0,0",2594
2024-02-01,tiktok,Americas,Central America,"17918,0","30,289538999999994","0,0",294
2024-02-01,youtube,Americas,Central America,"3210117,0","606,586206","0,0",3579
2024-02-01,facebook,Asia,Central Asia,"3338,0","1,5217900000000006","0,0",137
2024-02-01,spotify,Asia,Central Asia,"5192,0","2,2140025","0,0",180
2024-02-01,tiktok,Asia,Central Asia,"451,0","0,31415299999999996","0,0",50
2024-02-01,youtube,Asia,Central Asia,"134139,0","1,2904885000000001","0,0",340
2024-02-01,facebook,Africa,Eastern Africa,"54142,0","16,427995999999993","0,0",263
2024-02-01,spotify,Africa,Eastern Africa,"34686,0","4,519569500000001","0,0",341
2024-02-01,tiktok,Africa,Eastern Africa,"6240,0","2,335725","0,0",105
2024-02-01,youtube,Africa,Eastern Africa,"142200,0","7,1992615","0,0",501
2024-02-01,amazon,Asia,Eastern Asia,"262,0","0,7490875","0,0",88
2024-02-01,facebook,Asia,Eastern Asia,"1301,0","0,921976","0,0",206
2024-02-01,spotify,Asia,Eastern Asia,"10141,0","6,7082865","0,0",505
2024-02-01,tiktok,Asia,Eastern Asia,"203,0","0,6906869999999998","0,0",37
2024-02-01,youtube,Asia,Eastern Asia,"41344,0","18,6796925","0,0",951
2024-02-01,amazon,Europe,Eastern Europe,"2,0","0,0088975","0,0",2
2024-02-01,facebook,Europe,Eastern Europe,"45001,0","18,93990750000001","0,0",410
2024-02-01,spotify,Europe,Eastern Europe,"87813,0","33,7562755","0,0",1082
2024-02-01,tiktok,Europe,Eastern Europe,"1443,0","2,6449739999999995","0,0",83
2024-02-01,youtube,Europe,Eastern Europe,"701233,0","75,83034899999996","0,0",2591
2024-02-01,facebook,Oceania,Melanesia,"287,0","0,1511175","0,0",22
2024-02-01,spotify,Oceania,Melanesia,"250,0","0,073268","0,0",25
2024-02-01,tiktok,Oceania,Melanesia,"10,0","0,0056615","0,0",7
2024-02-01,youtube,Oceania,Melanesia,"1917,0","0,00734","0,0",81
2024-02-01,facebook,Oceania,Micronesia,"38,0","0,027689","0,0",16
2024-02-01,spotify,Oceania,Micronesia,"3,0","0,0","0,0",3
2024-02-01,tiktok,Oceania,Micronesia,"2,0","0,0004855","0,0",2
2024-02-01,youtube,Oceania,Micronesia,"123,0","0,1510155","0,0",31
2024-02-01,facebook,Africa,Middle Africa,"3554,0","1,466083","0,0",137
2024-02-01,spotify,Africa,Middle Africa,"5869,0","0,215558","0,0",208
2024-02-01,tiktok,Africa,Middle Africa,"812,0","0,31577600000000006","0,0",58
2024-02-01,youtube,Africa,Middle Africa,"14371,0","0,0","0,0",256
2024-02-01,facebook,Africa,Northern Africa,"5973,0","1,489957","0,0",159
2024-02-01,spotify,Africa,Northern Africa,"5327,0","0,8169374999999999","0,0",305
2024-02-01,tiktok,Africa,Northern Africa,"943,0","0,906542","0,0",47
2024-02-01,youtube,Africa,Northern Africa,"91546,0","8,080957","0,0",383
2024-02-01,amazon,Americas,Northern America,"98599,0","399,1927014999999","0,0",1290
2024-02-01,facebook,Americas,Northern America,"10005,0","36,59346199999999","0,0",1190
2024-02-01,spotify,Americas,Northern America,"752552,0","1204,6271144999996","0,0",2313
2024-02-01,tiktok,Americas,Northern America,"5084,0","31,881529","0,0",285
2024-02-01,youtube,Americas,Northern America,"869823,0","1300,4274539999997","0,0",3132
2024-02-01,amazon,Europe,Northern Europe,"4340,0","14,9064305","0,0",284
2024-02-01,facebook,Europe,Northern Europe,"1310,0","3,8840109999999997","0,0",386
2024-02-01,spotify,Europe,Northern Europe,"207029,0","425,52381549999996","0,0",1730
2024-02-01,tiktok,Europe,Northern Europe,"665,0","2,8361099999999997","0,0",86
2024-02-01,youtube,Europe,Northern Europe,"134004,0","137,09856650000006","0,0",2003
2024-02-01,facebook,Oceania,Polynesia,"40,0","0,021762000000000004","0,0",14
2024-02-01,spotify,Oceania,Polynesia,"9,0","0,002414","0,0",2
2024-02-01,youtube,Oceania,Polynesia,"400,0","0,0376775","0,0",50
2024-02-01,amazon,Americas,South America,"152595,0","142,20316599999995","0,0",1490
2024-02-01,facebook,Americas,South America,"968129,0","472,4499790000003","0,0",3116
2024-02-01,spotify,Americas,South America,"13510969,0","6699,521489999999","0,0",5851
2024-02-01,tiktok,Americas,South America,"144056,0","230,33244650000003","0,0",928
2024-02-01,youtube,Americas,South America,"7531826,0","680,9840360000002","0,0",9528
2024-02-01,facebook,Asia,South-Eastern Asia,"5360,0","2,8920585","0,0",441
2024-02-01,spotify,Asia,South-Eastern Asia,"39203,0","9,533098500000001","0,0",738
2024-02-01,tiktok,Asia,South-Eastern Asia,"732,0","0,5545445","0,0",69
2024-02-01,youtube,Asia,South-Eastern Asia,"370423,0","17,327098000000003","0,0",1059
2024-02-01,facebook,Africa,Southern Africa,"546,0","0,5311345","0,0",144
2024-02-01,spotify,Africa,Southern Africa,"4519,0","2,0883785000000006","0,0",295
2024-02-01,tiktok,Africa,Southern Africa,"307,0","0,603911","0,0",45
2024-02-01,youtube,Africa,Southern Africa,"43090,0","3,5533115","0,0",400
2024-02-01,facebook,Asia,Southern Asia,"2487,0","1,869509","0,0",229
2024-02-01,spotify,Asia,Southern Asia,"35483,0","3,8915979999999992","0,0",546
2024-02-01,tiktok,Asia,Southern Asia,"302,0","0,19425849999999997","0,0",26
2024-02-01,youtube,Asia,Southern Asia,"63889,0","1,9987360000000005","0,0",771
2024-02-01,amazon,Europe,Southern Europe,"9196,0","30,517252999999997","0,0",469
2024-02-01,facebook,Europe,Southern Europe,"7514,0","17,997090499999995","0,0",885
2024-02-01,spotify,Europe,Southern Europe,"519529,0","288,098804","0,0",2248
2024-02-01,tiktok,Europe,Southern Europe,"4469,0","17,300227999999997","0,0",197
2024-02-01,youtube,Europe,Southern Europe,"293915,0","97,31346100000002","0,0",2882
2024-02-01,facebook,Africa,Western Africa,"8206,0","3,1144535","0,0",204
2024-02-01,spotify,Africa,Western Africa,"58413,0","5,398289500000001","0,0",286
2024-02-01,tiktok,Africa,Western Africa,"30173,0","30,304344","0,0",108
2024-02-01,youtube,Africa,Western Africa,"78009,0","1,0342820000000001","0,0",565
2024-02-01,facebook,Asia,Western Asia,"4159,0","4,294961","0,0",427
2024-02-01,spotify,Asia,Western Asia,"110982,0","33,02100749999998","0,0",999
2024-02-01,tiktok,Asia,Western Asia,"2881,0","5,3760455","0,0",174
2024-02-01,youtube,Asia,Western Asia,"687211,0","186,8940834999999","0,0",1631
2024-02-01,amazon,Europe,Western Europe,"4553,0","12,744597","0,0",293
2024-02-01,facebook,Europe,Western Europe,"7449,0","29,429094500000005","0,0",649
2024-02-01,spotify,Europe,Western Europe,"382728,0","676,6417674999999","0,0",2242
2024-02-01,tiktok,Europe,Western Europe,"784,0","3,960826","0,0",144
2024-02-01,youtube,Europe,Western Europe,"159064,0","162,57367600000003","0,0",2698
2024-02-01,youtube,Polar,,"3,0","0,0","0,0",3
2024-02-01,facebook,,,"4469,0","3,4780499999999828","0,0",2929
2024-02-01,youtube,,,"6389,0","0,0","0,0",102
2024-03-01,amazon,Oceania,Australia and New Zealand,"77,0","0,1556745","0,0",30
2024-03-01,facebook,Oceania,Australia and New Zealand,"303,0","1,218452","0,0",124
2024-03-01,spotify,Oceania,Australia and New Zealand,"36994,0","69,43456800000001","0,0",1028
2024-03-01,tiktok,Oceania,Australia and New Zealand,"248,0","1,5538755","0,0",12
2024-03-01,youtube,Oceania,Australia and New Zealand,"13683,0","15,506794","0,0",563
2024-03-01,amazon,Americas,Caribbean,"11,0","0,027379","0,0",5
2024-03-01,facebook,Americas,Caribbean,"4312,0","3,3179385","0,0",232
2024-03-01,spotify,Americas,Caribbean,"28811,0","4,751969","0,0",473
2024-03-01,tiktok,Americas,Caribbean,"794,0","1,3893635","0,0",70
2024-03-01,youtube,Americas,Caribbean,"445942,0","5,373019500000001","0,0",1220
2024-03-01,amazon,Americas,Central America,"139613,0","69,50448900000004","0,0",870
2024-03-01,facebook,Americas,Central America,"19227,0","14,747184500000007","0,0",852
2024-03-01,spotify,Americas,Central America,"590980,0","313,11661399999986","0,0",4348
2024-03-01,tiktok,Americas,Central America,"8916,0","15,506116","0,0",195
2024-03-01,youtube,Americas,Central America,"1429600,0","258,8953945000002","0,0",3396
2024-03-01,facebook,Asia,Central Asia,"3568,0","1,5592830000000002","0,0",105
2024-03-01,spotify,Asia,Central Asia,"3214,0","1,7231514999999997","0,0",215
2024-03-01,tiktok,Asia,Central Asia,"5662,0","7,7859750000000005","0,0",40
2024-03-01,youtube,Asia,Central Asia,"476360,0","89,083654","0,0",281
2024-03-01,facebook,Africa,Eastern Africa,"1569,0","1,117701","0,0",226
2024-03-01,spotify,Africa,Eastern Africa,"12743,0","3,1629990000000006","0,0",504
2024-03-01,tiktok,Africa,Eastern Africa,"23909,0","19,896896","0,0",83
2024-03-01,youtube,Africa,Eastern Africa,"464263,0","3,702267","0,0",593
2024-03-01,amazon,Asia,Eastern Asia,"316,0","0,9247019999999999","0,0",84
2024-03-01,facebook,Asia,Eastern Asia,"1575,0","1,5349625","0,0",216
2024-03-01,spotify,Asia,Eastern Asia,"13606,0","11,830431999999998","0,0",704
2024-03-01,tiktok,Asia,Eastern Asia,"182,0","0,6229395000000001","0,0",33
2024-03-01,youtube,Asia,Eastern Asia,"23379,0","41,689005","0,0",969
2024-03-01,amazon,Europe,Eastern Europe,"16,0","0,0497455","0,0",4
2024-03-01,facebook,Europe,Eastern Europe,"2699,0","1,8452040000000003","0,0",395
2024-03-01,spotify,Europe,Eastern Europe,"609542,0","32,9969445","0,0",1331
2024-03-01,tiktok,Europe,Eastern Europe,"1882,0","3,5999805000000005","0,0",65
2024-03-01,youtube,Europe,Eastern Europe,"1091916,0","26,9961015","0,0",2506
2024-03-01,facebook,Oceania,Melanesia,"58,0","0,042679999999999996","0,0",16
2024-03-01,spotify,Oceania,Melanesia,"5,0","0,0090955","0,0",3
2024-03-01,tiktok,Oceania,Melanesia,"66,0","0,0925305","0,0",9
2024-03-01,youtube,Oceania,Melanesia,"2047,0","0,0","0,0",101
2024-03-01,facebook,Oceania,Micronesia,"42,0","0,0432835","0,0",12
2024-03-01,youtube,Oceania,Micronesia,"465,0","0,120312","0,0",58
2024-03-01,facebook,Africa,Middle Africa,"1546,0","1,4923384999999998","0,0",152
2024-03-01,spotify,Africa,Middle Africa,"898,0","0,618865","0,0",74
2024-03-01,tiktok,Africa,Middle Africa,"768,0","0,6051315000000002","0,0",63
2024-03-01,youtube,Africa,Middle Africa,"18082,0","0,0","0,0",260
2024-03-01,facebook,Africa,Northern Africa,"710,0","2,439759499999999","0,0",129
2024-03-01,spotify,Africa,Northern Africa,"3406,0","0,42982449999999994","0,0",345
2024-03-01,tiktok,Africa,Northern Africa,"278,0","0,297327","0,0",41
2024-03-01,youtube,Africa,Northern Africa,"13062,0","0,466754","0,0",426
2024-03-01,amazon,Americas,Northern America,"24812,0","94,29554699999994","0,0",1249
2024-03-01,facebook,Americas,Northern America,"9949,0","34,28525849999999","0,0",1135
2024-03-01,spotify,Americas,Northern America,"474212,0","675,9234709999995","0,0",4650
2024-03-01,tiktok,Americas,Northern America,"6622,0","43,236416","0,0",187
2024-03-01,youtube,Americas,Northern America,"1314806,0","1532,6249985000002","0,0",2979
2024-03-01,amazon,Europe,Northern Europe,"2673,0","13,207063999999999","0,0",283
2024-03-01,facebook,Europe,Northern Europe,"1115,0","3,618743","0,0",336
2024-03-01,spotify,Europe,Northern Europe,"125369,0","266,3560490000002","0,0",2795
2024-03-01,tiktok,Europe,Northern Europe,"3200,0","18,715642500000005","0,0",88
2024-03-01,youtube,Europe,Northern Europe,"159569,0","104,14936900000002","0,0",1951
2024-03-01,facebook,Oceania,Polynesia,"21,0","0,0137505","0,0",10
2024-03-01,tiktok,Oceania,Polynesia,"4,0","0,005083","0,0",4
2024-03-01,youtube,Oceania,Polynesia,"1060,0","0,074485","0,0",50
2024-03-01,amazon,Americas,South America,"82993,0","79,07742850000002","0,0",1871
2024-03-01,facebook,Americas,South America,"361341,0","337,3082380000004","0,0",2365
2024-03-01,spotify,Americas,South America,"4869865,0","1484,8963849999998","0,0",10012
2024-03-01,tiktok,Americas,South America,"91531,0","131,78842799999995","0,0",564
2024-03-01,youtube,Americas,South America,"6325953,0","798,2081214999994","0,0",8824
2024-03-01,facebook,Asia,South-Eastern Asia,"72524,0","9,065504500000001","0,0",394
2024-03-01,spotify,Asia,South-Eastern Asia,"96887,0","13,892795","0,0",876
2024-03-01,tiktok,Asia,South-Eastern Asia,"2225,0","2,537306","0,0",86
2024-03-01,youtube,Asia,South-Eastern Asia,"143649,0","15,442164000000002","0,0",1146
2024-03-01,facebook,Africa,Southern Africa,"1800,0","0,884879","0,0",119
2024-03-01,spotify,Africa,Southern Africa,"17207,0","5,6034394999999995","0,0",359
2024-03-01,tiktok,Africa,Southern Africa,"339,0","0,45823650000000005","0,0",36
2024-03-01,youtube,Africa,Southern Africa,"160382,0","14,104389","0,0",445
2024-03-01,facebook,Asia,Southern Asia,"7030,0","0,4938575","0,0",222
2024-03-01,spotify,Asia,Southern Asia,"21402,0","2,891361","0,0",755
2024-03-01,tiktok,Asia,Southern Asia,"3363,0","1,5611720000000002","0,0",37
2024-03-01,youtube,Asia,Southern Asia,"74304,0","2,0059620000000002","0,0",730
2024-03-01,amazon,Europe,Southern Europe,"3688,0","6,5799975","0,0",371
2024-03-01,facebook,Europe,Southern Europe,"15760,0","22,480431000000006","0,0",848
2024-03-01,spotify,Europe,Southern Europe,"331708,0","224,00262799999985","0,0",3107
2024-03-01,tiktok,Europe,Southern Europe,"59096,0","247,37183400000004","0,0",196
2024-03-01,youtube,Europe,Southern Europe,"375026,0","159,13671150000005","0,0",2618
2024-03-01,facebook,Africa,Western Africa,"2857,0","7,774452500000002","0,0",162
2024-03-01,spotify,Africa,Western Africa,"27551,0","1,2417949999999998","0,0",253
2024-03-01,tiktok,Africa,Western Africa,"1907,0","1,3302565","0,0",64
2024-03-01,youtube,Africa,Western Africa,"106226,0","2,9983105","0,0",586
2024-03-01,facebook,Asia,Western Asia,"4974,0","5,683914999999998","0,0",410
2024-03-01,spotify,Asia,Western Asia,"128336,0","32,32965900000001","0,0",1306
2024-03-01,tiktok,Asia,Western Asia,"8438,0","15,226605500000002","0,0",125
2024-03-01,youtube,Asia,Western Asia,"162608,0","18,572197500000005","0,0",1520
2024-03-01,amazon,Europe,Western Europe,"1349,0","4,7046215","0,0",249
2024-03-01,facebook,Europe,Western Europe,"3187,0","9,7416895","0,0",538
2024-03-01,spotify,Europe,Western Europe,"193947,0","342,5845680000002","0,0",3296
2024-03-01,tiktok,Europe,Western Europe,"1537,0","9,020263499999999","0,0",118
2024-03-01,youtube,Europe,Western Europe,"151504,0","99,135656","0,0",2592
2024-03-01,facebook,,,"3253,0","6,224100000000011","0,0",2312
2024-03-01,youtube,,,"4956,0","0,0","0,0",80
2024-04-01,amazon,Oceania,Australia and New Zealand,"49,0","0,061488","0,0",31
2024-04-01,facebook,Oceania,Australia and New Zealand,"473,0","2,3014984999999997","0,0",140
2024-04-01,spotify,Oceania,Australia and New Zealand,"26752,0","39,515129500000015","0,0",1154
2024-04-01,tiktok,Oceania,Australia and New Zealand,"99,0","0,6131955","0,0",10
2024-04-01,youtube,Oceania,Australia and New Zealand,"8289,0","17,199309","0,0",445
2024-04-01,amazon,Americas,Caribbean,"18,0","0,05438150000000001","0,0",11
2024-04-01,facebook,Americas,Caribbean,"4172,0","3,894538","0,0",321
2024-04-01,spotify,Americas,Caribbean,"14660,0","9,189685499999996","0,0",490
2024-04-01,tiktok,Americas,Caribbean,"1314,0","2,1660950000000003","0,0",63
2024-04-01,youtube,Americas,Caribbean,"339526,0","8,6872325","0,0",529
2024-04-01,amazon,Americas,Central America,"36263,0","34,205690499999996","0,0",954
2024-04-01,facebook,Americas,Central America,"54099,0","34,730335499999995","0,0",1036
2024-04-01,spotify,Americas,Central America,"1169579,0","714,0404285","0,0",3197
2024-04-01,tiktok,Americas,Central America,"4497,0","7,879187499999999","0,0",157
2024-04-01,youtube,Americas,Central America,"1532144,0","201,81955749999997","0,0",1774
2024-04-01,facebook,Asia,Central Asia,"1178,0","0,5970409999999999","0,0",72
2024-04-01,spotify,Asia,Central Asia,"7926,0","6,662413500000001","0,0",156
2024-04-01,tiktok,Asia,Central Asia,"895,0","1,24045","0,0",25
2024-04-01,youtube,Asia,Central Asia,"12056,0","1,1336925","0,0",58
2024-04-01,facebook,Africa,Eastern Africa,"1217,0","0,734888","0,0",166
2024-04-01,spotify,Africa,Eastern Africa,"20640,0","2,126792","0,0",317
2024-04-01,tiktok,Africa,Eastern Africa,"862,0","0,6065805000000002","0,0",58
2024-04-01,youtube,Africa,Eastern Africa,"39590,0","0,9954400000000001","0,0",212
2024-04-01,amazon,Asia,Eastern Asia,"564,0","1,5914575000000002","0,0",77
2024-04-01,facebook,Asia,Eastern Asia,"1427,0","2,13875","0,0",192
2024-04-01,spotify,Asia,Eastern Asia,"14176,0","9,9724825","0,0",834
2024-04-01,tiktok,Asia,Eastern Asia,"44,0","0,113732","0,0",24
2024-04-01,youtube,Asia,Eastern Asia,"18584,0","12,212417000000002","0,0",567
2024-04-01,amazon,Europe,Eastern Europe,"4,0","0,012567000000000002","0,0",2
2024-04-01,facebook,Europe,Eastern Europe,"8301,0","4,111149","0,0",364
2024-04-01,spotify,Europe,Eastern Europe,"48795,0","38,50913900000001","0,0",1467
2024-04-01,tiktok,Europe,Eastern Europe,"1326,0","2,3131919999999995","0,0",40
2024-04-01,youtube,Europe,Eastern Europe,"148056,0","53,448661000000016","0,0",1107
2024-04-01,facebook,Oceania,Melanesia,"513,0","0,40457849999999995","0,0",47
2024-04-01,spotify,Oceania,Melanesia,"9,0","0,014031499999999999","0,0",5
2024-04-01,youtube,Oceania,Melanesia,"98,0","0,011891000000000002","0,0",4
2024-04-01,facebook,Oceania,Micronesia,"17,0","0,041827","0,0",11
2024-04-01,youtube,Oceania,Micronesia,"41,0","0,1285035","0,0",14
2024-04-01,facebook,Africa,Middle Africa,"767,0","0,4642185","0,0",117
2024-04-01,spotify,Africa,Middle Africa,"725,0","0,5197204999999999","0,0",60
2024-04-01,tiktok,Africa,Middle Africa,"1301,0","1,04935","0,0",34
2024-04-01,facebook,Africa,Northern Africa,"4452,0","4,1377109999999995","0,0",132
2024-04-01,spotify,Africa,Northern Africa,"9788,0","1,8600455","0,0",338
2024-04-01,tiktok,Africa,Northern Africa,"1647,0","1,5960435000000002","0,0",40
2024-04-01,youtube,Africa,Northern Africa,"6091,0","0,27110199999999995","0,0",207
2024-04-01,amazon,Americas,Northern America,"22295,0","82,90566599999997","0,0",1289
2024-04-01,facebook,Americas,Northern America,"39726,0","86,59292550000002","0,0",922
2024-04-01,spotify,Americas,Northern America,"615597,0","1134,3465019999992","0,0",3361
2024-04-01,tiktok,Americas,Northern America,"2937,0","19,2293545","0,0",149
2024-04-01,youtube,Americas,Northern America,"540878,0","720,4877455","0,0",2163
2024-04-01,amazon,Europe,Northern Europe,"1700,0","6,1630065","0,0",204
2024-04-01,facebook,Europe,Northern Europe,"1976,0","5,090248000000001","0,0",363
2024-04-01,spotify,Europe,Northern Europe,"125465,0","254,9667174999999","0,0",2378
2024-04-01,tiktok,Europe,Northern Europe,"1578,0","9,1977885","0,0",44
2024-04-01,youtube,Europe,Northern Europe,"129236,0","111,97774200000003","0,0",1351
2024-04-01,facebook,Oceania,Polynesia,"70,0","0,05060799999999999","0,0",21
2024-04-01,tiktok,Oceania,Polynesia,"1,0","0,000884","0,0",1
2024-04-01,youtube,Oceania,Polynesia,"105,0","0,086533","0,0",18
2024-04-01,amazon,Americas,South America,"126425,0","85,61865349999998","0,0",1809
2024-04-01,facebook,Americas,South America,"381810,0","256,4690775000001","0,0",2369
2024-04-01,spotify,Americas,South America,"7289989,0","2810,4307510000035","0,0",6629
2024-04-01,tiktok,Americas,South America,"77869,0","102,03365399999998","0,0",446
2024-04-01,youtube,Americas,South America,"5287870,0","1126,5884384999993","0,0",5993
2024-04-01,facebook,Asia,South-Eastern Asia,"13499,0","8,262038","0,0",308
2024-04-01,spotify,Asia,South-Eastern Asia,"44115,0","13,507499499999996","0,0",994
2024-04-01,tiktok,Asia,South-Eastern Asia,"6141,0","2,4422785","0,0",44
2024-04-01,youtube,Asia,South-Eastern Asia,"174717,0","16,0981085","0,0",591
2024-04-01,facebook,Africa,Southern Africa,"413,0","0,4636039999999999","0,0",110
2024-04-01,spotify,Africa,Southern Africa,"7687,0","2,436838","0,0",442
2024-04-01,tiktok,Africa,Southern Africa,"413,0","0,6290844999999999","0,0",23
2024-04-01,youtube,Africa,Southern Africa,"33169,0","3,3129435","0,0",206
2024-04-01,facebook,Asia,Southern Asia,"5925,0","1,7147035","0,0",185
2024-04-01,spotify,Asia,Southern Asia,"23015,0","4,34041","0,0",688
2024-04-01,tiktok,Asia,Southern Asia,"202,0","0,1127835","0,0",16
2024-04-01,youtube,Asia,Southern Asia,"86069,0","5,511351499999999","0,0",400
2024-04-01,amazon,Europe,Southern Europe,"4274,0","11,58899","0,0",461
2024-04-01,facebook,Europe,Southern Europe,"23427,0","38,8794335","0,0",922
2024-04-01,spotify,Europe,Southern Europe,"368858,0","374,3384554999999","0,0",3118
2024-04-01,tiktok,Europe,Southern Europe,"4016,0","16,527163499999997","0,0",111
2024-04-01,youtube,Europe,Southern Europe,"206908,0","82,08257499999999","0,0",1608
2024-04-01,facebook,Africa,Western Africa,"1614,0","6,009542","0,0",163
2024-04-01,spotify,Africa,Western Africa,"58196,0","1,8799025","0,0",214
2024-04-01,tiktok,Africa,Western Africa,"1517,0","1,0745474999999998","0,0",47
2024-04-01,youtube,Africa,Western Africa,"46389,0","2,4271619999999996","0,0",264
2024-04-01,facebook,Asia,Western Asia,"8483,0","2,9048884999999998","0,0",312
2024-04-01,spotify,Asia,Western Asia,"328179,0","88,51695049999996","0,0",1280
2024-04-01,tiktok,Asia,Western Asia,"41327,0","29,561498999999998","0,0",70
2024-04-01,youtube,Asia,Western Asia,"184303,0","37,52734650000001","0,0",1043
2024-04-01,amazon,Europe,Western Europe,"966,0","1,724491","0,0",139
2024-04-01,facebook,Europe,Western Europe,"4670,0","10,397492999999997","0,0",502
2024-04-01,spotify,Europe,Western Europe,"146033,0","218,10903399999995","0,0",3484
2024-04-01,tiktok,Europe,Western Europe,"738,0","4,1114035","0,0",72
2024-04-01,youtube,Europe,Western Europe,"90314,0","79,4039115","0,0",1684
2024-04-01,facebook,,,"3707,0","3,1326615","0,0",2228
2024-04-01,spotify,,,"3,0","-16,403692500000002","3,0",3
2024-05-01,amazon,Oceania,Australia and New Zealand,"47,0","0,124393","0,0",34
2024-05-01,facebook,Oceania,Australia and New Zealand,"487,0","1,4340954999999997","0,0",143
2024-05-01,spotify,Oceania,Australia and New Zealand,"41726,0","68,32898850000001","0,0",1495
2024-05-01,tiktok,Oceania,Australia and New Zealand,"221,0","1,4607229999999998","0,0",16
2024-05-01,youtube,Oceania,Australia and New Zealand,"14924,0","26,528781999999996","0,0",440
2024-05-01,amazon,Americas,Caribbean,"7,0","0,0188505","0,0",5
2024-05-01,facebook,Americas,Caribbean,"16383,0","11,5725055","0,0",324
2024-05-01,spotify,Americas,Caribbean,"19950,0","17,1409845","0,0",628
2024-05-01,tiktok,Americas,Caribbean,"3896,0","6,6677930000000005","0,0",57
2024-05-01,youtube,Americas,Caribbean,"777016,0","11,38157","0,0",536
2024-05-01,amazon,Americas,Central America,"58416,0","31,459433999999998","0,0",1074
2024-05-01,facebook,Americas,Central America,"68376,0","44,02877699999999","0,0",1208
2024-05-01,spotify,Americas,Central America,"1139969,0","538,0250474999998","0,0",4236
2024-05-01,tiktok,Americas,Central America,"4088,0","7,455225","0,0",191
2024-05-01,youtube,Americas,Central America,"629483,0","364,365003","0,0",1922
2024-05-01,facebook,Asia,Central Asia,"731,0","0,39509150000000004","0,0",69
2024-05-01,spotify,Asia,Central Asia,"5759,0","3,7240104999999994","0,0",217
2024-05-01,tiktok,Asia,Central Asia,"271,0","0,3852645","0,0",25
2024-05-01,youtube,Asia,Central Asia,"9155,0","2,077837","0,0",100
2024-05-01,facebook,Africa,Eastern Africa,"19824,0","7,588395500000002","0,0",341
2024-05-01,spotify,Africa,Eastern Africa,"20897,0","7,772769500000001","0,0",448
2024-05-01,tiktok,Africa,Eastern Africa,"22007,0","15,3704505","0,0",74
2024-05-01,youtube,Africa,Eastern Africa,"431917,0","1,9650235000000003","0,0",205
2024-05-01,amazon,Asia,Eastern Asia,"2032,0","4,0089875","0,0",204
2024-05-01,facebook,Asia,Eastern Asia,"1197,0","1,4196175","0,0",227
2024-05-01,spotify,Asia,Eastern Asia,"22023,0","25,913985999999994","0,0",1077
2024-05-01,tiktok,Asia,Eastern Asia,"47,0","0,152279","0,0",24
2024-05-01,youtube,Asia,Eastern Asia,"13493,0","18,998817500000005","0,0",621
2024-05-01,amazon,Europe,Eastern Europe,"2,0","0,007268500000000001","0,0",2
2024-05-01,facebook,Europe,Eastern Europe,"1860,0","1,9300825000000001","0,0",299
2024-05-01,spotify,Europe,Eastern Europe,"54651,0","32,18163249999999","0,0",1933
2024-05-01,tiktok,Europe,Eastern Europe,"493,0","0,9957435","0,0",37
2024-05-01,youtube,Europe,Eastern Europe,"84783,0","119,78508350000004","0,0",1362
2024-05-01,facebook,Oceania,Melanesia,"274,0","0,12329749999999999","0,0",25
2024-05-01,spotify,Oceania,Melanesia,"8,0","0,011693","0,0",4
2024-05-01,youtube,Oceania,Melanesia,"1,0","0,0001605","0,0",1
2024-05-01,facebook,Oceania,Micronesia,"45,0","0,024115499999999998","0,0",11
2024-05-01,spotify,Oceania,Micronesia,"1,0","0,0015595","0,0",1
2024-05-01,tiktok,Oceania,Micronesia,"2,0","0,005486","0,0",2
2024-05-01,youtube,Oceania,Micronesia,"37,0","0,029744000000000003","0,0",13
2024-05-01,facebook,Africa,Middle Africa,"50831,0","11,310186500000004","0,0",215
2024-05-01,spotify,Africa,Middle Africa,"11162,0","0,2061545","0,0",234
2024-05-01,tiktok,Africa,Middle Africa,"4778,0","3,9227684999999997","0,0",52
2024-05-01,facebook,Africa,Northern Africa,"16954,0","0,3103335","0,0",126
2024-05-01,spotify,Africa,Northern Africa,"6860,0","1,5562764999999998","0,0",406
2024-05-01,tiktok,Africa,Northern Africa,"116,0","0,12201249999999998","0,0",34
2024-05-01,youtube,Africa,Northern Africa,"22147,0","0,8780019999999998","0,0",242
2024-05-01,amazon,Americas,Northern America,"76874,0","225,7402409999997","0,0",2049
2024-05-01,facebook,Americas,Northern America,"41686,0","102,53737549999995","0,0",1274
2024-05-01,spotify,Americas,Northern America,"2252241,0","2779,9035044999955","0,0",4852
2024-05-01,tiktok,Americas,Northern America,"7259,0","48,656461500000006","0,0",193
2024-05-01,youtube,Americas,Northern America,"367376,0","1016,1355960000001","0,0",2302
2024-05-01,amazon,Europe,Northern Europe,"3390,0","14,73224700000001","0,0",485
2024-05-01,facebook,Europe,Northern Europe,"1949,0","5,2138905","0,0",394
2024-05-01,spotify,Europe,Northern Europe,"166007,0","403,8911734999999","0,0",3802
2024-05-01,tiktok,Europe,Northern Europe,"767,0","4,570617500000001","0,0",51
2024-05-01,youtube,Europe,Northern Europe,"153930,0","135,089435","0,0",1469
2024-05-01,facebook,Oceania,Polynesia,"30,0","0,018508999999999998","0,0",13
2024-05-01,tiktok,Oceania,Polynesia,"2,0","0,00274","0,0",2
2024-05-01,youtube,Oceania,Polynesia,"352,0","0,1115295","0,0",16
2024-05-01,amazon,Americas,South America,"514151,0","427,1955525000003","0,0",2539
2024-05-01,facebook,Americas,South America,"1013038,0","1008,4486684999995","0,0",3419
2024-05-01,spotify,Americas,South America,"5266971,0","2749,049548499999","0,0",8879
2024-05-01,tiktok,Americas,South America,"106765,0","146,57946899999993","0,0",571
2024-05-01,youtube,Americas,South America,"10709903,0","1201,925398","0,0",6423
2024-05-01,facebook,Asia,South-Eastern Asia,"5826,0","2,5341525","0,0",421
2024-05-01,spotify,Asia,South-Eastern Asia,"679041,0","64,065792","0,0",1359
2024-05-01,tiktok,Asia,South-Eastern Asia,"502,0","0,5904174999999999","0,0",63
2024-05-01,youtube,Asia,South-Eastern Asia,"40894,0","10,977417499999998","0,0",655
2024-05-01,facebook,Africa,Southern Africa,"1455,0","0,6463995","0,0",107
2024-05-01,spotify,Africa,Southern Africa,"10662,0","5,698396500000001","0,0",514
2024-05-01,tiktok,Africa,Southern Africa,"181,0","0,25600500000000004","0,0",29
2024-05-01,youtube,Africa,Southern Africa,"28235,0","4,861572499999999","0,0",214
2024-05-01,facebook,Asia,Southern Asia,"4797,0","0,43726050000000005","0,0",221
2024-05-01,spotify,Asia,Southern Asia,"27901,0","6,4741159999999995","0,0",1027
2024-05-01,tiktok,Asia,Southern Asia,"148,0","0,0815045","0,0",23
2024-05-01,youtube,Asia,Southern Asia,"33234,0","3,3791744999999986","0,0",432
2024-05-01,amazon,Europe,Southern Europe,"13135,0","45,83822949999999","0,0",713
2024-05-01,facebook,Europe,Southern Europe,"8867,0","25,272645000000004","0,0",1106
2024-05-01,spotify,Europe,Southern Europe,"361194,0","342,3619454999999","0,0",4064
2024-05-01,tiktok,Europe,Southern Europe,"2613,0","9,523631","0,0",122
2024-05-01,youtube,Europe,Southern Europe,"277102,0","107,57254649999999","0,0",1886
2024-05-01,facebook,Africa,Western Africa,"1539,0","0,6048695","0,0",180
2024-05-01,spotify,Africa,Western Africa,"252226,0","9,089975500000001","0,0",379
2024-05-01,tiktok,Africa,Western Africa,"1817,0","1,2701785000000005","0,0",80
2024-05-01,youtube,Africa,Western Africa,"70033,0","2,7606345","0,0",285
2024-05-01,facebook,Asia,Western Asia,"10810,0","7,242233500000001","0,0",389
2024-05-01,spotify,Asia,Western Asia,"48337,0","27,817472499999997","0,0",1692
2024-05-01,tiktok,Asia,Western Asia,"1969,0","3,6304985000000003","0,0",55
2024-05-01,youtube,Asia,Western Asia,"90071,0","38,60861249999999","0,0",1032
2024-05-01,amazon,Europe,Western Europe,"5632,0","20,901765999999988","0,0",315
2024-05-01,facebook,Europe,Western Europe,"4867,0","11,789871000000002","0,0",817
2024-05-01,spotify,Europe,Western Europe,"313805,0","373,34851500000036","0,0",4495
2024-05-01,tiktok,Europe,Western Europe,"442,0","2,6162164999999997","0,0",65
2024-05-01,youtube,Europe,Western Europe,"128839,0","106,62517750000005","0,0",1897
2024-05-01,facebook,,,"18110,0","10,562951500000022","0,0",3438
2024-05-01,spotify,,,"4,0","-21,87159","4,0",4
2024-05-01,youtube,,,"157,0","2,591573","36,0",36
2024-06-01,amazon,Oceania,Australia and New Zealand,"106,0","0,31762749999999995","0,0",47
2024-06-01,facebook,Oceania,Australia and New Zealand,"1103,0","1,8289974999999998","0,0",154
2024-06-01,spotify,Oceania,Australia and New Zealand,"45229,0","43,76335349999998","0,0",1417
2024-06-01,tiktok,Oceania,Australia and New Zealand,"96,0","0,626779","0,0",16
2024-06-01,youtube,Oceania,Australia and New Zealand,"11737,0","23,2482775","0,0",472
2024-06-01,amazon,Americas,Caribbean,"8,0","0,0193795","0,0",6
2024-06-01,facebook,Americas,Caribbean,"9441,0","8,227699","0,0",310
2024-06-01,spotify,Americas,Caribbean,"26411,0","16,130795999999993","0,0",647
2024-06-01,tiktok,Americas,Caribbean,"2427,0","4,199438499999999","0,0",76
2024-06-01,youtube,Americas,Caribbean,"221450,0","6,96055","0,0",689
2024-06-01,amazon,Americas,Central America,"14117,0","15,345104000000005","0,0",824
2024-06-01,facebook,Americas,Central America,"64681,0","40,6866785","0,0",764
2024-06-01,spotify,Americas,Central America,"1791520,0","669,0275985000001","0,0",3430
2024-06-01,tiktok,Americas,Central America,"3865,0","6,888311","0,0",152
2024-06-01,youtube,Americas,Central America,"517095,0","231,72804649999995","0,0",2611
2024-06-01,facebook,Asia,Central Asia,"34854,0","22,790429999999994","0,0",180
2024-06-01,spotify,Asia,Central Asia,"1212,0","0,38667200000000007","0,0",123
2024-06-01,tiktok,Asia,Central Asia,"265,0","0,3711135","0,0",12
2024-06-01,youtube,Asia,Central Asia,"512162,0","72,36453800000001","0,0",112
2024-06-01,facebook,Africa,Eastern Africa,"27586,0","10,958665","0,0",215
2024-06-01,spotify,Africa,Eastern Africa,"21642,0","4,832698499999999","0,0",363
2024-06-01,tiktok,Africa,Eastern Africa,"1237,0","0,8265374999999999","0,0",66
2024-06-01,youtube,Africa,Eastern Africa,"156027,0","7,2579835","0,0",209
2024-06-01,amazon,Asia,Eastern Asia,"367,0","0,9911225","0,0",82
2024-06-01,facebook,Asia,Eastern Asia,"4625,0","1,7153449999999997","0,0",235
2024-06-01,spotify,Asia,Eastern Asia,"21311,0","23,127741999999994","0,0",1101
2024-06-01,tiktok,Asia,Eastern Asia,"403,0","1,3070015000000001","0,0",35
2024-06-01,youtube,Asia,Eastern Asia,"32587,0","77,27070199999997","0,0",760
2024-06-01,amazon,Europe,Eastern Europe,"2,0","0,005438999999999999","0,0",1
2024-06-01,facebook,Europe,Eastern Europe,"130360,0","80,25636749999994","0,0",832
2024-06-01,spotify,Europe,Eastern Europe,"38639,0","29,953607500000007","0,0",1439
2024-06-01,tiktok,Europe,Eastern Europe,"355,0","0,7342835000000001","0,0",47
2024-06-01,youtube,Europe,Eastern Europe,"311759,0","69,36651400000004","0,0",1576
2024-06-01,facebook,Oceania,Melanesia,"1457,0","0,9246055000000001","0,0",35
2024-06-01,spotify,Oceania,Melanesia,"14,0","0,018135","0,0",5
2024-06-01,tiktok,Oceania,Melanesia,"3,0","0,0054445","0,0",1
2024-06-01,youtube,Oceania,Melanesia,"54,0","0,0006765","0,0",3
2024-06-01,facebook,Oceania,Micronesia,"42,0","0,048969","0,0",6
2024-06-01,youtube,Oceania,Micronesia,"56,0","0,0235205","0,0",7
2024-06-01,facebook,Africa,Middle Africa,"792,0","0,3265685","0,0",105
2024-06-01,spotify,Africa,Middle Africa,"1105,0","0,19313699999999995","0,0",105
2024-06-01,tiktok,Africa,Middle Africa,"273,0","0,22225249999999996","0,0",46
2024-06-01,facebook,Africa,Northern Africa,"12815,0","5,479423000000001","0,0",95
2024-06-01,spotify,Africa,Northern Africa,"9981,0","2,5906285000000002","0,0",409
2024-06-01,tiktok,Africa,Northern Africa,"4204,0","3,8096275000000004","0,0",33
2024-06-01,youtube,Africa,Northern Africa,"13497,0","0,566739","0,0",221
2024-06-01,amazon,Americas,Northern America,"27050,0","95,903124","0,0",1456
2024-06-01,facebook,Americas,Northern America,"41421,0","127,82188600000002","0,0",840
2024-06-01,spotify,Americas,Northern America,"890160,0","1644,4001730000027","0,0",4618
2024-06-01,tiktok,Americas,Northern America,"3831,0","25,373742500000002","0,0",168
2024-06-01,youtube,Americas,Northern America,"816712,0","1390,1455384999992","0,0",3143
2024-06-01,amazon,Europe,Northern Europe,"1048,0","5,740702499999999","0,0",211
2024-06-01,facebook,Europe,Northern Europe,"6205,0","12,362954999999992","0,0",502
2024-06-01,spotify,Europe,Northern Europe,"113005,0","240,75610249999988","0,0",2913
2024-06-01,tiktok,Europe,Northern Europe,"668,0","3,8613115","0,0",73
2024-06-01,youtube,Europe,Northern Europe,"118165,0","123,531716","0,0",1668
2024-06-01,facebook,Oceania,Polynesia,"30,0","0,0251605","0,0",9
2024-06-01,tiktok,Oceania,Polynesia,"5,0","0,0078075","0,0",2
2024-06-01,youtube,Oceania,Polynesia,"402,0","0,047925499999999996","0,0",20
2024-06-01,amazon,Americas,South America,"118086,0","86,84924799999985","0,0",2116
2024-06-01,facebook,Americas,South America,"1027727,0","527,7894055000007","0,0",2150
2024-06-01,spotify,Americas,South America,"8524641,0","4484,723693499999","0,0",8515
2024-06-01,tiktok,Americas,South America,"122118,0","165,8322795","0,0",717
2024-06-01,youtube,Americas,South America,"10512132,0","2705,630629500001","0,0",8976
2024-06-01,facebook,Asia,South-Eastern Asia,"679851,0","8,653474","0,0",261
2024-06-01,spotify,Asia,South-Eastern Asia,"541034,0","60,906485999999994","0,0",1116
2024-06-01,tiktok,Asia,South-Eastern Asia,"35764,0","17,268779000000006","0,0",73
2024-06-01,youtube,Asia,South-Eastern Asia,"183518,0","16,306557000000005","0,0",748
2024-06-01,facebook,Africa,Southern Africa,"903,0","0,6639995000000001","0,0",107
2024-06-01,spotify,Africa,Southern Africa,"7721,0","2,1658575000000004","0,0",404
2024-06-01,tiktok,Africa,Southern Africa,"40,0","0,0576595","0,0",15
2024-06-01,youtube,Africa,Southern Africa,"15625,0","3,473499999999999","0,0",210
2024-06-01,facebook,Asia,Southern Asia,"32372,0","1,5979054999999998","0,0",261
2024-06-01,spotify,Asia,Southern Asia,"24219,0","3,7699650000000005","0,0",845
2024-06-01,tiktok,Asia,Southern Asia,"265,0","0,14054700000000003","0,0",26
2024-06-01,youtube,Asia,Southern Asia,"28934,0","1,6398199999999998","0,0",532
2024-06-01,amazon,Europe,Southern Europe,"9032,0","26,120503000000003","0,0",645
2024-06-01,facebook,Europe,Southern Europe,"52363,0","87,32203700000005","0,0",788
2024-06-01,spotify,Europe,Southern Europe,"346550,0","193,37467949999976","0,0",3709
2024-06-01,tiktok,Europe,Southern Europe,"3357,0","13,325222499999997","0,0",156
2024-06-01,youtube,Europe,Southern Europe,"197839,0","97,90674349999998","0,0",2414
2024-06-01,facebook,Africa,Western Africa,"3168,0","1,1267569999999998","0,0",172
2024-06-01,spotify,Africa,Western Africa,"25955,0","2,097066","0,0",331
2024-06-01,tiktok,Africa,Western Africa,"25487,0","17,659006500000004","0,0",70
2024-06-01,youtube,Africa,Western Africa,"7443,0","1,2561100000000003","0,0",315
2024-06-01,facebook,Asia,Western Asia,"4359,0","1,913698","0,0",242
2024-06-01,spotify,Asia,Western Asia,"125378,0","52,185542","0,0",1254
2024-06-01,tiktok,Asia,Western Asia,"3170,0","3,6303915","0,0",105
2024-06-01,youtube,Asia,Western Asia,"53377,0","16,724667999999998","0,0",1145
2024-06-01,amazon,Europe,Western Europe,"1492,0","3,8000425000000004","0,0",274
2024-06-01,facebook,Europe,Western Europe,"7386,0","19,933833500000002","0,0",508
2024-06-01,spotify,Europe,Western Europe,"204326,0","235,0409374999998","0,0",3742
2024-06-01,tiktok,Europe,Western Europe,"816,0","4,504398500000001","0,0",80
2024-06-01,youtube,Europe,Western Europe,"167846,0","145,40045750000004","0,0",2330
2024-06-01,facebook,,,"5701,0","5,7473715000000025","0,0",2659
2024-06-01,spotify,,,"1,0","-5,4572475","1,0",1
2024-07-01,amazon,Oceania,Australia and New Zealand,"33,0","0,04192749999999999","0,0",16
2024-07-01,facebook,Oceania,Australia and New Zealand,"178734,0","7,574617000000005","0,0",2183
2024-07-01,spotify,Oceania,Australia and New Zealand,"34530,0","45,94892649999997","0,0",1485
2024-07-01,tiktok,Oceania,Australia and New Zealand,"34,0","0,21484399999999998","0,0",11
2024-07-01,youtube,Oceania,Australia and New Zealand,"6581,0","21,727681000000004","0,0",505
2024-07-01,amazon,Americas,Caribbean,"54,0","0,15084","0,0",9
2024-07-01,facebook,Americas,Caribbean,"589724,0","3,865472499999991","0,0",2988
2024-07-01,spotify,Americas,Caribbean,"31084,0","12,067758999999997","0,0",690
2024-07-01,tiktok,Americas,Caribbean,"1716,0","2,8835315","0,0",50
2024-07-01,youtube,Americas,Caribbean,"287667,0","17,150289","0,0",677
2024-07-01,amazon,Americas,Central America,"9983,0","9,448813999999995","0,0",798
2024-07-01,facebook,Americas,Central America,"6599992,0","25,619167000000065","0,0",6459
2024-07-01,spotify,Americas,Central America,"1439172,0","738,5791540000001","0,0",4011
2024-07-01,tiktok,Americas,Central America,"11810,0","20,203568999999995","0,0",164
2024-07-01,youtube,Americas,Central America,"441845,0","78,63756200000006","0,0",2360
2024-07-01,facebook,Asia,Central Asia,"122624,0","0,7371119999999997","0,0",888
2024-07-01,spotify,Asia,Central Asia,"20966,0","4,041190499999999","0,0",356
2024-07-01,tiktok,Asia,Central Asia,"631,0","0,8507114999999998","0,0",24
2024-07-01,youtube,Asia,Central Asia,"12210,0","1,7426865","0,0",101
2024-07-01,facebook,Africa,Eastern Africa,"1558168,0","2,3799819999999983","0,0",1959
2024-07-01,spotify,Africa,Eastern Africa,"18219,0","4,312475999999998","0,0",625
2024-07-01,tiktok,Africa,Eastern Africa,"4030,0","3,1601520000000005","0,0",87
2024-07-01,youtube,Africa,Eastern Africa,"125589,0","1,6547965","0,0",241
2024-07-01,amazon,Asia,Eastern Asia,"1561,0","5,193633500000001","0,0",121
2024-07-01,facebook,Asia,Eastern Asia,"258275,0","9,5786395","0,0",2353
2024-07-01,spotify,Asia,Eastern Asia,"25921,0","22,978150000000007","0,0",1114
2024-07-01,tiktok,Asia,Eastern Asia,"43,0","0,1348135","0,0",24
2024-07-01,youtube,Asia,Eastern Asia,"44506,0","21,607275000000005","0,0",722
2024-07-01,amazon,Europe,Eastern Europe,"1,0","0,0048385","0,0",1
2024-07-01,facebook,Europe,Eastern Europe,"461693,0","4,37715399999999","0,0",2789
2024-07-01,spotify,Europe,Eastern Europe,"89764,0","48,28315199999999","0,0",2044
2024-07-01,tiktok,Europe,Eastern Europe,"1183,0","2,283894","0,0",39
2024-07-01,youtube,Europe,Eastern Europe,"148106,0","44,892396","0,0",1339
2024-07-01,facebook,Oceania,Melanesia,"59514,0","0,136901","0,0",402
2024-07-01,spotify,Oceania,Melanesia,"33,0","0,0095845","0,0",17
2024-07-01,tiktok,Oceania,Melanesia,"9,0","0,0122225","0,0",3
2024-07-01,youtube,Oceania,Melanesia,"0,0","0,028836","0,0",1
2024-07-01,facebook,Oceania,Micronesia,"6679,0","0,0366495","0,0",294
2024-07-01,spotify,Oceania,Micronesia,"1,0","0,0","0,0",1
2024-07-01,youtube,Oceania,Micronesia,"94,0","0,012116499999999999","0,0",9
2024-07-01,facebook,Africa,Middle Africa,"45922,0","0,7350030000000002","0,0",1092
2024-07-01,spotify,Africa,Middle Africa,"6172,0","0,8269090000000001","0,0",313
2024-07-01,tiktok,Africa,Middle Africa,"481,0","0,37153099999999994","0,0",47
2024-07-01,facebook,Africa,Northern Africa,"590628,0","0,31301050000000036","0,0",2396
2024-07-01,spotify,Africa,Northern Africa,"5031,0","1,4811965","0,0",485
2024-07-01,tiktok,Africa,Northern Africa,"842,0","0,8223134999999999","0,0",28
2024-07-01,youtube,Africa,Northern Africa,"17569,0","0,47793949999999996","0,0",231
2024-07-01,amazon,Americas,Northern America,"16607,0","70,17570299999997","0,0",1273
2024-07-01,facebook,Americas,Northern America,"2986402,0","120,21831350000005","0,0",7337
2024-07-01,spotify,Americas,Northern America,"901154,0","1653,7692879999988","0,0",4627
2024-07-01,tiktok,Americas,Northern America,"3858,0","24,611835","0,0",138
2024-07-01,youtube,Americas,Northern America,"429586,0","804,6749040000002","0,0",3046
2024-07-01,amazon,Europe,Northern Europe,"904,0","3,6941759999999997","0,0",209
2024-07-01,facebook,Europe,Northern Europe,"795987,0","23,513229999999986","0,0",4261
2024-07-01,spotify,Europe,Northern Europe,"123882,0","263,104332","0,0",3139
2024-07-01,tiktok,Europe,Northern Europe,"424,0","1,9821555","0,0",55
2024-07-01,youtube,Europe,Northern Europe,"93584,0","85,56537449999999","0,0",1533
2024-07-01,facebook,Oceania,Polynesia,"8249,0","0,030787500000000002","0,0",288
2024-07-01,spotify,Oceania,Polynesia,"1,0","0,0","0,0",1
2024-07-01,tiktok,Oceania,Polynesia,"2,0","0,001719","0,0",2
2024-07-01,youtube,Oceania,Polynesia,"82,0","0,026614500000000003","0,0",12
2024-07-01,amazon,Americas,South America,"276859,0","203,15898050000044","0,0",2348
2024-07-01,facebook,Americas,South America,"60665811,0","268,33846249999505","0,0",13878
2024-07-01,spotify,Americas,South America,"5461193,0","3445,9041565000025","0,0",8522
2024-07-01,tiktok,Americas,South America,"66766,0","85,14828450000002","0,0",511
2024-07-01,youtube,Americas,South America,"6707856,0","1488,1419205000016","1,0",8808
2024-07-01,facebook,Asia,South-Eastern Asia,"2635118,0","6,175969499999993","0,0",3365
2024-07-01,spotify,Asia,South-Eastern Asia,"27041,0","9,293201499999999","0,0",1270
2024-07-01,tiktok,Asia,South-Eastern Asia,"4827,0","2,0653469999999996","0,0",75
2024-07-01,youtube,Asia,South-Eastern Asia,"50126,0","48,378297499999995","0,0",708
2024-07-01,facebook,Africa,Southern Africa,"137691,0","0,9909104999999995","0,0",1432
2024-07-01,spotify,Africa,Southern Africa,"7032,0","2,5791415","0,0",545
2024-07-01,tiktok,Africa,Southern Africa,"169,0","0,18957400000000002","0,0",22
2024-07-01,youtube,Africa,Southern Africa,"49364,0","4,471385499999999","0,0",228
2024-07-01,facebook,Asia,Southern Asia,"4399077,0","1,2417399999999992","0,0",2816
2024-07-01,spotify,Asia,Southern Asia,"32610,0","5,2823185","0,0",932
2024-07-01,tiktok,Asia,Southern Asia,"3082,0","1,3552804999999999","0,0",16
2024-07-01,youtube,Asia,Southern Asia,"15145,0","1,2762079999999998","0,0",470
2024-07-01,amazon,Europe,Southern Europe,"4748,0","11,690108500000004","0,0",499
2024-07-01,facebook,Europe,Southern Europe,"1742458,0","37,588082999999976","0,0",6920
2024-07-01,spotify,Europe,Southern Europe,"705043,0","474,8101465000001","0,0",4116
2024-07-01,tiktok,Europe,Southern Europe,"5120,0","18,9952965","0,0",129
2024-07-01,youtube,Europe,Southern Europe,"338350,0","107,13870349999999","0,0",2152
2024-07-01,facebook,Africa,Western Africa,"626440,0","2,452974999999997","0,0",2180
2024-07-01,spotify,Africa,Western Africa,"26755,0","2,000123","0,0",636
2024-07-01,tiktok,Africa,Western Africa,"510,0","0,3450105","0,0",50
2024-07-01,youtube,Africa,Western Africa,"17797,0","1,0925080000000003","0,0",350
2024-07-01,facebook,Asia,Western Asia,"4194029,0","3,666885999999997","0,0",3689
2024-07-01,spotify,Asia,Western Asia,"72589,0","22,460864","0,0",1673
2024-07-01,tiktok,Asia,Western Asia,"18139,0","14,062962999999998","0,0",79
2024-07-01,youtube,Asia,Western Asia,"77683,0","21,784857000000006","0,0",1102
2024-07-01,amazon,Europe,Western Europe,"1260,0","4,8109415","0,0",332
2024-07-01,facebook,Europe,Western Europe,"1429493,0","38,731181500000176","0,0",5314
2024-07-01,spotify,Europe,Western Europe,"222749,0","355,7524184999999","0,0",4237
2024-07-01,tiktok,Europe,Western Europe,"1174,0","6,951533","0,0",67
2024-07-01,youtube,Europe,Western Europe,"97926,0","62,845693499999996","0,0",2056
2024-07-01,facebook,,,"7728,0","1,5605905000000015","0,0",4016
2024-08-01,amazon,Oceania,Australia and New Zealand,"63,0","0,17874549999999997","0,0",22
2024-08-01,facebook,Oceania,Australia and New Zealand,"120685,0","6,062553000000007","0,0",2031
2024-08-01,spotify,Oceania,Australia and New Zealand,"61787,0","84,67964399999998","0,0",1216
2024-08-01,tiktok,Oceania,Australia and New Zealand,"121,0","0,7436550000000001","0,0",26
2024-08-01,youtube,Oceania,Australia and New Zealand,"7739,0","24,343354500000004","0,0",701
2024-08-01,amazon,Americas,Caribbean,"59,0","0,1681995","0,0",12
2024-08-01,facebook,Americas,Caribbean,"857250,0","1,5027584999999957","0,0",2616
2024-08-01,spotify,Americas,Caribbean,"12921,0","6,836913","0,0",563
2024-08-01,tiktok,Americas,Caribbean,"1567,0","2,7254765","0,0",63
2024-08-01,youtube,Americas,Caribbean,"172667,0","7,973229999999999","0,0",1233
2024-08-01,amazon,Americas,Central America,"37698,0","43,2720405","0,0",1209
2024-08-01,facebook,Americas,Central America,"14380681,0","34,5412945","0,0",5581
2024-08-01,spotify,Americas,Central America,"1173189,0","582,1145719999995","0,0",3265
2024-08-01,tiktok,Americas,Central America,"12832,0","23,628127499999998","0,0",160
2024-08-01,youtube,Americas,Central America,"336540,0","132,99667849999997","0,0",3430
2024-08-01,facebook,Asia,Central Asia,"240898,0","0,7827854999999997","0,0",982
2024-08-01,spotify,Asia,Central Asia,"2350,0","0,9654130000000001","0,0",181
2024-08-01,tiktok,Asia,Central Asia,"9101,0","12,840463","0,0",76
2024-08-01,youtube,Asia,Central Asia,"141879,0","4,2101875","0,0",349
2024-08-01,facebook,Africa,Eastern Africa,"3621114,0","5,984905000000002","0,0",1803
2024-08-01,spotify,Africa,Eastern Africa,"25084,0","4,565203","0,0",517
2024-08-01,tiktok,Africa,Eastern Africa,"18346,0","12,420232","0,0",73
2024-08-01,youtube,Africa,Eastern Africa,"562911,0","35,905784999999995","0,0",734
2024-08-01,amazon,Asia,Eastern Asia,"857,0","2,798927","0,0",93
2024-08-01,facebook,Asia,Eastern Asia,"285327,0","6,6914225000000025","0,0",2394
2024-08-01,spotify,Asia,Eastern Asia,"14254,0","14,560714999999998","0,0",866
2024-08-01,tiktok,Asia,Eastern Asia,"311,0","1,0168724999999998","0,0",40
2024-08-01,youtube,Asia,Eastern Asia,"78852,0","77,57006799999996","0,0",1081
2024-08-01,amazon,Europe,Eastern Europe,"19,0","0,08266799999999999","0,0",9
2024-08-01,facebook,Europe,Eastern Europe,"564960,0","3,042710999999994","0,0",2899
2024-08-01,spotify,Europe,Eastern Europe,"66462,0","36,72137799999999","0,0",1337
2024-08-01,tiktok,Europe,Eastern Europe,"6588,0","11,242020499999999","0,0",76
2024-08-01,youtube,Europe,Eastern Europe,"134085,0","32,448445","0,0",2607
2024-08-01,facebook,Oceania,Melanesia,"23750,0","3,41844","0,0",341
2024-08-01,spotify,Oceania,Melanesia,"134,0","0,0023385000000000003","0,0",29
2024-08-01,tiktok,Oceania,Melanesia,"4,0","0,0104525","0,0",3
2024-08-01,youtube,Oceania,Melanesia,"3202,0","0,034681500000000004","0,0",138
2024-08-01,facebook,Oceania,Micronesia,"4149,0","0,0318125","0,0",292
2024-08-01,spotify,Oceania,Micronesia,"5,0","0,0","0,0",2
2024-08-01,tiktok,Oceania,Micronesia,"2,0","0,0039040000000000004","0,0",2
2024-08-01,youtube,Oceania,Micronesia,"134,0","0,09798150000000003","0,0",53
2024-08-01,facebook,Africa,Middle Africa,"128662,0","0,9444124999999992","0,0",1005
2024-08-01,spotify,Africa,Middle Africa,"4796,0","0,22786649999999997","0,0",250
2024-08-01,tiktok,Africa,Middle Africa,"691,0","0,5628015","0,0",59
2024-08-01,youtube,Africa,Middle Africa,"31139,0","0,0","0,0",337
2024-08-01,facebook,Africa,Northern Africa,"843438,0","0,1779210000000001","0,0",2403
2024-08-01,spotify,Africa,Northern Africa,"5049,0","0,9036349999999997","0,0",407
2024-08-01,tiktok,Africa,Northern Africa,"361,0","0,41060150000000006","0,0",39
2024-08-01,youtube,Africa,Northern Africa,"13938,0","1,9674580000000004","0,0",725
2024-08-01,amazon,Americas,Northern America,"99463,0","371,1488344999996","0,0",1072
2024-08-01,facebook,Americas,Northern America,"14747883,0","286,76472899999925","0,0",6750
2024-08-01,spotify,Americas,Northern America,"1279250,0","2757,1768860000025","0,0",3872
2024-08-01,tiktok,Americas,Northern America,"6721,0","44,45279950000001","0,0",203
2024-08-01,youtube,Americas,Northern America,"195005,0","1178,4700865000002","0,0",3517
2024-08-01,amazon,Europe,Northern Europe,"2953,0","11,528858500000004","0,0",363
2024-08-01,facebook,Europe,Northern Europe,"7967832,0","59,1518824999999","0,0",4189
2024-08-01,spotify,Europe,Northern Europe,"100189,0","216,74171449999994","0,0",2603
2024-08-01,tiktok,Europe,Northern Europe,"1084,0","5,283993499999999","0,0",78
2024-08-01,youtube,Europe,Northern Europe,"73947,0","68,4737595","0,0",2209
2024-08-01,facebook,Oceania,Polynesia,"15704,0","0,07240949999999999","0,0",258
2024-08-01,spotify,Oceania,Polynesia,"2,0","0,0011145","0,0",2
2024-08-01,tiktok,Oceania,Polynesia,"13,0","0,0190255","0,0",8
2024-08-01,youtube,Oceania,Polynesia,"375,0","0,0409125","0,0",64
2024-08-01,amazon,Americas,South America,"149349,0","112,74234949999986","0,0",2232
2024-08-01,facebook,Americas,South America,"180138139,0","200,21202549999873","0,0",13489
2024-08-01,spotify,Americas,South America,"5548823,0","2427,3734024999976","0,0",7622
2024-08-01,tiktok,Americas,South America,"50835,0","74,52592000000006","0,0",665
2024-08-01,youtube,Americas,South America,"5276977,0","1007,9910889999993","0,0",11172
2024-08-01,facebook,Asia,South-Eastern Asia,"3423970,0","5,6433520000000055","0,0",3290
2024-08-01,spotify,Asia,South-Eastern Asia,"55712,0","19,299835500000007","0,0",1048
2024-08-01,tiktok,Asia,South-Eastern Asia,"44695,0","11,7865335","0,0",98
2024-08-01,youtube,Asia,South-Eastern Asia,"155581,0","19,4394835","0,0",1298
2024-08-01,facebook,Africa,Southern Africa,"252687,0","0,6819105000000001","0,0",1367
2024-08-01,spotify,Africa,Southern Africa,"7547,0","3,9296095000000015","0,0",448
2024-08-01,tiktok,Africa,Southern Africa,"608,0","0,9875045","0,0",32
2024-08-01,youtube,Africa,Southern Africa,"26398,0","2,9895505000000004","0,0",478
2024-08-01,facebook,Asia,Southern Asia,"959030,0","1,4146804999999998","0,0",2778
2024-08-01,spotify,Asia,Southern Asia,"27042,0","5,3809845","0,0",800
2024-08-01,tiktok,Asia,Southern Asia,"317,0","0,1620775","0,0",46
2024-08-01,youtube,Asia,Southern Asia,"27557,0","2,0129399999999995","0,0",961
2024-08-01,amazon,Europe,Southern Europe,"4467,0","17,873213500000002","0,0",443
2024-08-01,facebook,Europe,Southern Europe,"2326236,0","27,532947000000078","0,0",6601
2024-08-01,spotify,Europe,Southern Europe,"243563,0","206,41331500000004","0,0",3253
2024-08-01,tiktok,Europe,Southern Europe,"9001,0","37,6125095","0,0",148
2024-08-01,youtube,Europe,Southern Europe,"107817,0","69,6709725","0,0",3370
2024-08-01,facebook,Africa,Western Africa,"311965,0","0,38791200000000026","0,0",2089
2024-08-01,spotify,Africa,Western Africa,"6718,0","0,48359900000000006","0,0",429
2024-08-01,tiktok,Africa,Western Africa,"1231,0","1,062533","0,0",63
2024-08-01,youtube,Africa,Western Africa,"58986,0","1,5849179999999996","0,0",767
2024-08-01,facebook,Asia,Western Asia,"10351689,0","4,782545499999996","0,0",3654
2024-08-01,spotify,Asia,Western Asia,"154269,0","42,73715599999997","0,0",1135
2024-08-01,tiktok,Asia,Western Asia,"3807,0","5,977591500000002","0,0",93
2024-08-01,youtube,Asia,Western Asia,"82956,0","16,064543999999998","0,0",1979
2024-08-01,amazon,Europe,Western Europe,"4865,0","16,402711000000004","0,0",317
2024-08-01,facebook,Europe,Western Europe,"2149497,0","33,76331750000004","0,0",5202
2024-08-01,spotify,Europe,Western Europe,"177143,0","230,68117699999993","0,0",3325
2024-08-01,tiktok,Europe,Western Europe,"1649,0","9,706020999999998","0,0",82
2024-08-01,youtube,Europe,Western Europe,"123140,0","121,62108649999999","0,0",3173
2024-08-01,facebook,,,"10020,0","1,6352850000000052","0,0",3682
2024-08-01,youtube,,,"508,0","0,0","0,0",68
2024-09-01,amazon,Oceania,Australia and New Zealand,"31,0","0,0358215","0,0",19
2024-09-01,facebook,Oceania,Australia and New Zealand,"139694,0","2,3971989999999996","0,0",1379
2024-09-01,spotify,Oceania,Australia and New Zealand,"34751,0","58,17372700000002","0,0",1290
2024-09-01,tiktok,Oceania,Australia and New Zealand,"170,0","1,147624","0,0",13
2024-09-01,youtube,Oceania,Australia and New Zealand,"7147,0","15,864709500000002","0,0",626
2024-09-01,amazon,Americas,Caribbean,"14,0","0,0325965","0,0",7
2024-09-01,facebook,Americas,Caribbean,"496192,0","1,6521149999999967","0,0",2845
2024-09-01,spotify,Americas,Caribbean,"25717,0","13,264985500000002","0,0",721
2024-09-01,tiktok,Americas,Caribbean,"677,0","1,219668","0,0",48
2024-09-01,youtube,Americas,Caribbean,"85100,0","9,6661885","0,0",1291
2024-09-01,amazon,Americas,Central America,"9895,0","10,261166500000012","0,0",581
2024-09-01,facebook,Americas,Central America,"4938262,0","33,636567000000014","0,0",5266
2024-09-01,spotify,Americas,Central America,"533101,0","249,33029999999997","0,0",3092
2024-09-01,tiktok,Americas,Central America,"14246,0","27,13180800000001","0,0",116
2024-09-01,youtube,Americas,Central America,"716858,0","136,94680949999997","0,0",3707
2024-09-01,facebook,Asia,Central Asia,"43450,0","0,07901850000000002","0,0",622
2024-09-01,spotify,Asia,Central Asia,"3691,0","0,7909065000000001","0,0",197
2024-09-01,tiktok,Asia,Central Asia,"49,0","0,071082","0,0",10
2024-09-01,youtube,Asia,Central Asia,"7354,0","2,291302","0,0",303
2024-09-01,facebook,Africa,Eastern Africa,"700240,0","1,9366560000000008","0,0",1685
2024-09-01,spotify,Africa,Eastern Africa,"50997,0","5,607800500000001","0,0",763
2024-09-01,tiktok,Africa,Eastern Africa,"2910,0","2,306253","0,0",51
2024-09-01,youtube,Africa,Eastern Africa,"114043,0","6,051068000000001","0,0",688
2024-09-01,amazon,Asia,Eastern Asia,"1206,0","4,067603","0,0",78
2024-09-01,facebook,Asia,Eastern Asia,"168362,0","4,094524","0,0",1905
2024-09-01,spotify,Asia,Eastern Asia,"23423,0","24,530542000000008","0,0",978
2024-09-01,tiktok,Asia,Eastern Asia,"238,0","0,8688919999999999","0,0",12
2024-09-01,youtube,Asia,Eastern Asia,"38583,0","22,803430499999997","0,0",1037
2024-09-01,amazon,Europe,Eastern Europe,"3,0","0,00929","0,0",3
2024-09-01,facebook,Europe,Eastern Europe,"244827,0","1,5723900000000006","0,0",2798
2024-09-01,spotify,Europe,Eastern Europe,"56887,0","38,84726249999998","0,0",1578
2024-09-01,tiktok,Europe,Eastern Europe,"420,0","0,9891195","0,0",29
2024-09-01,youtube,Europe,Eastern Europe,"276151,0","68,95576600000001","0,0",2483
2024-09-01,facebook,Oceania,Melanesia,"13014,0","0,07314399999999999","0,0",300
2024-09-01,spotify,Oceania,Melanesia,"137,0","0,0371675","0,0",35
2024-09-01,tiktok,Oceania,Melanesia,"5,0","0,0071215","0,0",3
2024-09-01,youtube,Oceania,Melanesia,"597,0","0,000365","0,0",102
2024-09-01,facebook,Oceania,Micronesia,"3557,0","0,025805500000000002","0,0",239
2024-09-01,spotify,Oceania,Micronesia,"8,0","0,0128135","0,0",4
2024-09-01,tiktok,Oceania,Micronesia,"1,0","0,002235","0,0",1
2024-09-01,youtube,Oceania,Micronesia,"157,0","0,0243485","0,0",34
2024-09-01,facebook,Africa,Middle Africa,"61034,0","1,0892094999999997","0,0",745
2024-09-01,spotify,Africa,Middle Africa,"20793,0","0,964583","0,0",345
2024-09-01,tiktok,Africa,Middle Africa,"1035,0","0,8704645","0,0",51
2024-09-01,youtube,Africa,Middle Africa,"8173,0","0,0","0,0",288
2024-09-01,facebook,Africa,Northern Africa,"306925,0","0,11658100000000003","0,0",1927
2024-09-01,spotify,Africa,Northern Africa,"4725,0","0,8519375","0,0",430
2024-09-01,tiktok,Africa,Northern Africa,"107,0","0,107103","0,0",18
2024-09-01,youtube,Africa,Northern Africa,"7802,0","0,2876375","0,0",586
2024-09-01,amazon,Americas,Northern America,"70673,0","249,81757899999965","0,0",1415
2024-09-01,facebook,Americas,Northern America,"3363065,0","171,85342350000005","0,0",4959
2024-09-01,spotify,Americas,Northern America,"765697,0","1244,9631399999996","0,0",3860
2024-09-01,tiktok,Americas,Northern America,"3505,0","24,269286","0,0",123
2024-09-01,youtube,Americas,Northern America,"496227,0","1338,7279715000002","0,0",3459
2024-09-01,amazon,Europe,Northern Europe,"10186,0","58,74028949999999","0,0",279
2024-09-01,facebook,Europe,Northern Europe,"516503,0","9,695570999999994","0,0",3644
2024-09-01,spotify,Europe,Northern Europe,"90528,0","204,10092750000007","0,0",2701
2024-09-01,tiktok,Europe,Northern Europe,"236,0","1,427077","0,0",41
2024-09-01,youtube,Europe,Northern Europe,"53145,0","117,48533150000002","0,0",2117
2024-09-01,facebook,Oceania,Polynesia,"7329,0","0,034914499999999994","0,0",239
2024-09-01,spotify,Oceania,Polynesia,"9,0","0,0089675","0,0",2
2024-09-01,tiktok,Oceania,Polynesia,"2,0","0,002819","0,0",1
2024-09-01,youtube,Oceania,Polynesia,"139,0","0,049588999999999994","0,0",47
2024-09-01,amazon,Americas,South America,"237807,0","87,25096850000001","0,0",1550
2024-09-01,facebook,Americas,South America,"45810243,0","114,60876499999961","0,0",11007
2024-09-01,spotify,Americas,South America,"7437880,0","3134,269686500006","0,0",8162
2024-09-01,tiktok,Americas,South America,"187051,0","248,12674299999998","0,0",406
2024-09-01,youtube,Americas,South America,"6764386,0","1085,441072","0,0",11723
2024-09-01,facebook,Asia,South-Eastern Asia,"1793566,0","7,6517369999999785","0,0",2820
2024-09-01,spotify,Asia,South-Eastern Asia,"41248,0","16,353591999999995","0,0",1035
2024-09-01,tiktok,Asia,South-Eastern Asia,"1524,0","1,4977345","0,0",37
2024-09-01,youtube,Asia,South-Eastern Asia,"132198,0","78,05157","0,0",1368
2024-09-01,facebook,Africa,Southern Africa,"135349,0","0,7907685000000003","0,0",1180
2024-09-01,spotify,Africa,Southern Africa,"16756,0","4,731644000000001","0,0",557
2024-09-01,tiktok,Africa,Southern Africa,"95,0","0,125215","0,0",31
2024-09-01,youtube,Africa,Southern Africa,"8444,0","2,3971489999999993","0,0",443
2024-09-01,facebook,Asia,Southern Asia,"325676,0","0,38519799999999993","0,0",2026
2024-09-01,spotify,Asia,Southern Asia,"37376,0","4,073186999999999","0,0",806
2024-09-01,tiktok,Asia,Southern Asia,"113,0","0,0776675","0,0",14
2024-09-01,youtube,Asia,Southern Asia,"265459,0","2,1709935000000002","0,0",931
2024-09-01,amazon,Europe,Southern Europe,"12249,0","18,182176500000004","0,0",300
2024-09-01,facebook,Europe,Southern Europe,"1830693,0","14,802564999999989","0,0",5639
2024-09-01,spotify,Europe,Southern Europe,"286393,0","292,38176350000026","0,0",3601
2024-09-01,tiktok,Europe,Southern Europe,"7620,0","27,001521499999996","0,0",102
2024-09-01,youtube,Europe,Southern Europe,"234771,0","165,96303550000005","0,0",3256
2024-09-01,facebook,Africa,Western Africa,"357858,0","0,42970450000000027","0,0",1797
2024-09-01,spotify,Africa,Western Africa,"430889,0","11,286995999999998","0,0",644
2024-09-01,tiktok,Africa,Western Africa,"2694,0","1,9367214999999998","0,0",68
2024-09-01,youtube,Africa,Western Africa,"27238,0","0,557361","0,0",686
2024-09-01,facebook,Asia,Western Asia,"509148,0","2,7131730000000003","0,0",3298
2024-09-01,spotify,Asia,Western Asia,"254929,0","77,49774899999994","0,0",1372
2024-09-01,tiktok,Asia,Western Asia,"335,0","0,6233880000000002","0,0",39
2024-09-01,youtube,Asia,Western Asia,"48991,0","14,281756500000002","0,0",1924
2024-09-01,amazon,Europe,Western Europe,"480,0","1,2645115","0,0",132
2024-09-01,facebook,Europe,Western Europe,"649695,0","26,856104999999992","0,0",4680
2024-09-01,spotify,Europe,Western Europe,"218918,0","435,6707265000001","0,0",3615
2024-09-01,tiktok,Europe,Western Europe,"717,0","4,4433485","0,0",50
2024-09-01,youtube,Europe,Western Europe,"77876,0","124,10086949999997","0,0",2985
2024-09-01,facebook,,,"7653,0","1,671145999999999","0,0",2254
2024-09-01,youtube,,,"594,0","0,0","0,0",46
2024-10-01,amazon,Oceania,Australia and New Zealand,"183,0","0,21714300000000003","0,0",46
2024-10-01,facebook,Oceania,Australia and New Zealand,"195912,0","4,265396500000002","0,0",1571
2024-10-01,spotify,Oceania,Australia and New Zealand,"137767,0","119,79767399999997","0,0",1658
2024-10-01,tiktok,Oceania,Australia and New Zealand,"73,0","0,361385","0,0",13
2024-10-01,youtube,Oceania,Australia and New Zealand,"12063,0","19,990119999999994","0,0",735
2024-10-01,amazon,Americas,Caribbean,"53,0","0,1329275","0,0",14
2024-10-01,facebook,Americas,Caribbean,"1368619,0","1,8309589999999976","0,0",3206
2024-10-01,spotify,Americas,Caribbean,"20089,0","10,769903499999996","0,0",640
2024-10-01,tiktok,Americas,Caribbean,"1362,0","2,1152310000000005","0,0",39
2024-10-01,youtube,Americas,Caribbean,"139265,0","9,5890205","0,0",1278
2024-10-01,amazon,Americas,Central America,"22174,0","28,150419","0,0",807
2024-10-01,facebook,Americas,Central America,"12491402,0","33,877775500000055","0,0",5853
2024-10-01,spotify,Americas,Central America,"1101045,0","503,52952799999974","0,0",4383
2024-10-01,tiktok,Americas,Central America,"28089,0","44,137367999999995","0,0",105
2024-10-01,youtube,Americas,Central America,"829505,0","149,43184250000007","0,0",4085
2024-10-01,facebook,Asia,Central Asia,"1311749,0","2,835028","0,0",965
2024-10-01,spotify,Asia,Central Asia,"4884,0","2,3163015000000002","0,0",259
2024-10-01,tiktok,Asia,Central Asia,"10417,0","12,2608635","0,0",43
2024-10-01,youtube,Asia,Central Asia,"150088,0","21,463542","0,0",442
2024-10-01,facebook,Africa,Eastern Africa,"936906,0","5,133121000000003","0,0",2000
2024-10-01,spotify,Africa,Eastern Africa,"34733,0","8,1180385","0,0",609
2024-10-01,tiktok,Africa,Eastern Africa,"8898,0","2,7420840000000006","0,0",47
2024-10-01,youtube,Africa,Eastern Africa,"257225,0","3,3864254999999996","0,0",821
2024-10-01,amazon,Asia,Eastern Asia,"681,0","1,8097955000000003","0,0",113
2024-10-01,facebook,Asia,Eastern Asia,"422655,0","8,819647000000002","0,0",2199
2024-10-01,spotify,Asia,Eastern Asia,"21760,0","22,156117000000002","0,0",1110
2024-10-01,tiktok,Asia,Eastern Asia,"351,0","1,0592275","0,0",24
2024-10-01,youtube,Asia,Eastern Asia,"51741,0","20,1938245","0,0",1077
2024-10-01,facebook,Europe,Eastern Europe,"1718275,0","4,808401999999993","0,0",3747
2024-10-01,spotify,Europe,Eastern Europe,"78073,0","41,82965150000001","0,0",2295
2024-10-01,tiktok,Europe,Eastern Europe,"2466,0","3,8513955000000006","0,0",48
2024-10-01,youtube,Europe,Eastern Europe,"707015,0","91,23127199999999","0,0",3051
2024-10-01,facebook,Oceania,Melanesia,"46469,0","0,19911000000000004","0,0",388
2024-10-01,spotify,Oceania,Melanesia,"154,0","0,030735499999999995","0,0",42
2024-10-01,tiktok,Oceania,Melanesia,"42,0","0,0198895","0,0",5
2024-10-01,youtube,Oceania,Melanesia,"901,0","0,0293195","0,0",104
2024-10-01,facebook,Oceania,Micronesia,"5731,0","0,021811999999999998","0,0",309
2024-10-01,spotify,Oceania,Micronesia,"5,0","0,003866","0,0",4
2024-10-01,tiktok,Oceania,Micronesia,"2,0","0,001834","0,0",2
2024-10-01,youtube,Oceania,Micronesia,"68,0","0,052679000000000004","0,0",35
2024-10-01,facebook,Africa,Middle Africa,"336169,0","0,9649574999999997","0,0",871
2024-10-01,spotify,Africa,Middle Africa,"15119,0","1,3355355","0,0",313
2024-10-01,tiktok,Africa,Middle Africa,"214,0","0,0836495","0,0",40
2024-10-01,youtube,Africa,Middle Africa,"32169,0","0,0","0,0",294
2024-10-01,facebook,Africa,Northern Africa,"660464,0","0,14594050000000008","0,0",2281
2024-10-01,spotify,Africa,Northern Africa,"9681,0","1,0460765","0,0",575
2024-10-01,tiktok,Africa,Northern Africa,"10022,0","9,423466999999999","0,0",43
2024-10-01,youtube,Africa,Northern Africa,"24298,0","0,453361","0,0",673
2024-10-01,amazon,Americas,Northern America,"28438,0","111,50569649999997","0,0",1419
2024-10-01,facebook,Americas,Northern America,"4928394,0","156,95969800000032","0,0",5601
2024-10-01,spotify,Americas,Northern America,"752287,0","1117,2341434999996","0,0",4834
2024-10-01,tiktok,Americas,Northern America,"3294,0","19,563128999999993","0,0",151
2024-10-01,youtube,Americas,Northern America,"667017,0","953,4013275000002","0,0",3737
2024-10-01,amazon,Europe,Northern Europe,"9440,0","47,3252445","0,0",338
2024-10-01,facebook,Europe,Northern Europe,"547073,0","11,772422000000013","0,0",4621
2024-10-01,spotify,Europe,Northern Europe,"344163,0","482,5177719999996","0,0",3604
2024-10-01,tiktok,Europe,Northern Europe,"564,0","2,4614339999999997","0,0",48
2024-10-01,youtube,Europe,Northern Europe,"144596,0","131,18669599999998","0,0",2431
2024-10-01,facebook,Oceania,Polynesia,"20172,0","0,011695499999999998","0,0",275
2024-10-01,spotify,Oceania,Polynesia,"3,0","0,0","0,0",1
2024-10-01,tiktok,Oceania,Polynesia,"10,0","0,0077610000000000005","0,0",4
2024-10-01,youtube,Oceania,Polynesia,"199,0","0,017172","0,0",56
2024-10-01,amazon,Americas,South America,"112040,0","62,218138999999944","0,0",2345
2024-10-01,facebook,Americas,South America,"33979405,0","146,01647749999995","0,0",12156
2024-10-01,spotify,Americas,South America,"5838000,0","1950,4215424999986","0,0",8815
2024-10-01,tiktok,Americas,South America,"529061,0","681,3510049999999","0,0",442
2024-10-01,youtube,Americas,South America,"4157046,0","856,4983825000004","0,0",11684
2024-10-01,facebook,Asia,South-Eastern Asia,"1329336,0","2,815603999999997","0,0",3486
2024-10-01,spotify,Asia,South-Eastern Asia,"65003,0","20,144675999999993","0,0",1705
2024-10-01,tiktok,Asia,South-Eastern Asia,"19392,0","9,8280195","0,0",51
2024-10-01,youtube,Asia,South-Eastern Asia,"650504,0","46,37850799999999","0,0",1359
2024-10-01,facebook,Africa,Southern Africa,"214654,0","3,1509415000000067","0,0",1358
2024-10-01,spotify,Africa,Southern Africa,"15305,0","6,9690905","0,0",673
2024-10-01,tiktok,Africa,Southern Africa,"471,0","0,9683240000000001","0,0",20
2024-10-01,youtube,Africa,Southern Africa,"32208,0","2,1059215","0,0",508
2024-10-01,facebook,Asia,Southern Asia,"1980656,0","0,7285379999999996","0,0",2461
2024-10-01,spotify,Asia,Southern Asia,"21995,0","3,708334499999999","0,0",1102
2024-10-01,tiktok,Asia,Southern Asia,"2478,0","1,1296395000000001","0,0",27
2024-10-01,youtube,Asia,Southern Asia,"53969,0","3,2238835","0,0",979
2024-10-01,amazon,Europe,Southern Europe,"15204,0","32,87916399999999","0,0",614
2024-10-01,facebook,Europe,Southern Europe,"3351648,0","62,05839799999995","0,0",6580
2024-10-01,spotify,Europe,Southern Europe,"406238,0","275,2397780000001","0,0",4438
2024-10-01,tiktok,Europe,Southern Europe,"2931,0","9,7426645","0,0",98
2024-10-01,youtube,Europe,Southern Europe,"208069,0","125,49748250000002","0,0",3573
2024-10-01,facebook,Africa,Western Africa,"1211903,0","1,0192575000000004","0,0",2095
2024-10-01,spotify,Africa,Western Africa,"256586,0","4,029543500000001","0,0",761
2024-10-01,tiktok,Africa,Western Africa,"3452,0","1,366355","0,0",57
2024-10-01,youtube,Africa,Western Africa,"114373,0","2,1815914999999997","0,0",787
2024-10-01,facebook,Asia,Western Asia,"6160984,0","3,66329","0,0",4260
2024-10-01,spotify,Asia,Western Asia,"73263,0","24,079360000000005","0,0",1802
2024-10-01,tiktok,Asia,Western Asia,"11244,0","15,255752999999997","0,0",81
2024-10-01,youtube,Asia,Western Asia,"237452,0","51,82275250000001","0,0",2142
2024-10-01,amazon,Europe,Western Europe,"4761,0","13,948658999999992","0,0",566
2024-10-01,facebook,Europe,Western Europe,"826250,0","18,53344649999998","0,0",5734
2024-10-01,spotify,Europe,Western Europe,"250634,0","401,0429655","0,0",4461
2024-10-01,tiktok,Europe,Western Europe,"1928,0","9,1987815","0,0",75
2024-10-01,youtube,Europe,Western Europe,"137719,0","116,13997299999998","0,0",3349
2024-10-01,facebook,,,"21017,0","4,162254999999998","0,0",2955
2024-10-01,youtube,,,"900,0","0,0","0,0",82
2024-11-01,amazon,Oceania,Australia and New Zealand,"49,0","0,03360199999999999","0,0",25
2024-11-01,facebook,Oceania,Australia and New Zealand,"317670,0","4,454431499999999","0,0",2026
2024-11-01,spotify,Oceania,Australia and New Zealand,"79055,0","88,09812000000005","0,0",1652
2024-11-01,youtube,Oceania,Australia and New Zealand,"40133,0","66,23130099999999","0,0",736
2024-11-01,amazon,Americas,Caribbean,"14,0","0,035425","0,0",6
2024-11-01,facebook,Americas,Caribbean,"1095737,0","1,335940999999998","0,0",3442
2024-11-01,spotify,Americas,Caribbean,"24303,0","7,163802999999999","0,0",643
2024-11-01,youtube,Americas,Caribbean,"1189560,0","17,951911","0,0",1606
2024-11-01,amazon,Americas,Central America,"11729,0","14,860416499999992","0,0",546
2024-11-01,facebook,Americas,Central America,"4602308,0","97,23393199999968","0,0",7995
2024-11-01,spotify,Americas,Central America,"1822289,0","751,8372889999994","0,0",4551
2024-11-01,youtube,Americas,Central America,"1249669,0","124,4699965","0,0",4937
2024-11-01,facebook,Asia,Central Asia,"390325,0","1,0430614999999999","0,0",996
2024-11-01,spotify,Asia,Central Asia,"18144,0","2,8258069999999997","0,0",236
2024-11-01,youtube,Asia,Central Asia,"50543,0","3,6130755","0,0",466
2024-11-01,facebook,Africa,Eastern Africa,"882782,0","1,7059384999999967","0,0",1916
2024-11-01,spotify,Africa,Eastern Africa,"3902,0","1,7580185000000002","0,0",414
2024-11-01,youtube,Africa,Eastern Africa,"2412758,0","12,156106000000003","0,0",953
2024-11-01,amazon,Asia,Eastern Asia,"951,0","2,3492719999999996","0,0",139
2024-11-01,facebook,Asia,Eastern Asia,"1381201,0","12,958462499999985","0,0",2704
2024-11-01,spotify,Asia,Eastern Asia,"25371,0","22,44572749999999","0,0",1137
2024-11-01,youtube,Asia,Eastern Asia,"169406,0","25,078672500000003","0,0",1166
2024-11-01,amazon,Europe,Eastern Europe,"5,0","0,011737000000000001","0,0",3
2024-11-01,facebook,Europe,Eastern Europe,"2052167,0","6,7123374999999985","0,0",4299
2024-11-01,spotify,Europe,Eastern Europe,"126889,0","87,54816250000005","0,0",2105
2024-11-01,youtube,Europe,Eastern Europe,"1193869,0","73,527434","0,0",3080
2024-11-01,facebook,Oceania,Melanesia,"69694,0","0,9960919999999996","0,0",313
2024-11-01,spotify,Oceania,Melanesia,"336,0","0,0157695","0,0",18
2024-11-01,youtube,Oceania,Melanesia,"13590,0","0,10409550000000001","0,0",188
2024-11-01,facebook,Oceania,Micronesia,"14355,0","0,02837400000000001","0,0",270
2024-11-01,spotify,Oceania,Micronesia,"8,0","0,003015","0,0",5
2024-11-01,youtube,Oceania,Micronesia,"1537,0","0,1688495","0,0",70
2024-11-01,facebook,Africa,Middle Africa,"173416,0","0,8813485000000002","0,0",1060
2024-11-01,spotify,Africa,Middle Africa,"3442,0","0,2235795","0,0",304
2024-11-01,youtube,Africa,Middle Africa,"71167,0","0,0","0,0",353
2024-11-01,facebook,Africa,Northern Africa,"3684171,0","1,3932319999999994","0,0",2651
2024-11-01,spotify,Africa,Northern Africa,"5658,0","1,9904010000000003","0,0",478
2024-11-01,youtube,Africa,Northern Africa,"59778,0","1,4304485000000002","0,0",706
2024-11-01,amazon,Americas,Northern America,"36056,0","165,93884850000003","0,0",1302
2024-11-01,facebook,Americas,Northern America,"7528286,0","194,89775200000005","0,0",7512
2024-11-01,spotify,Americas,Northern America,"868475,0","1543,0732940000019","0,0",4867
2024-11-01,youtube,Americas,Northern America,"1693093,0","1469,7215434999996","0,0",4174
2024-11-01,amazon,Europe,Northern Europe,"3758,0","16,425076000000004","0,0",295
2024-11-01,facebook,Europe,Northern Europe,"3402118,0","28,212004000000036","0,0",5330
2024-11-01,spotify,Europe,Northern Europe,"515999,0","738,3772654999995","0,0",3449
2024-11-01,youtube,Europe,Northern Europe,"412930,0","280,3637410000001","0,0",2420
2024-11-01,facebook,Oceania,Polynesia,"77283,0","0,15914099999999998","0,0",271
2024-11-01,spotify,Oceania,Polynesia,"4,0","0,0005905","0,0",3
2024-11-01,youtube,Oceania,Polynesia,"1248,0","0,10197500000000002","0,0",86
2024-11-01,amazon,Americas,South America,"95752,0","74,54262949999996","0,0",2031
2024-11-01,facebook,Americas,South America,"57728899,0","158,8598519999992","0,0",17651
2024-11-01,spotify,Americas,South America,"6546511,0","2251,850367999996","0,0",11113
2024-11-01,youtube,Americas,South America,"8015586,0","1104,4300859999998","2,0",12003
2024-11-01,facebook,Asia,South-Eastern Asia,"8386648,0","7,805789499999996","0,0",4226
2024-11-01,spotify,Asia,South-Eastern Asia,"108869,0","44,36252100000001","0,0",1366
2024-11-01,youtube,Asia,South-Eastern Asia,"654790,0","38,72783650000001","0,0",1406
2024-11-01,facebook,Africa,Southern Africa,"574003,0","1,064672","0,0",1329
2024-11-01,spotify,Africa,Southern Africa,"18175,0","9,197568000000002","0,0",527
2024-11-01,youtube,Africa,Southern Africa,"280723,0","27,6219115","0,0",615
2024-11-01,facebook,Asia,Southern Asia,"9207569,0","1,203204499999999","0,0",2929
2024-11-01,spotify,Asia,Southern Asia,"518134,0","29,193483999999998","0,0",933
2024-11-01,youtube,Asia,Southern Asia,"119283,0","7,097293","0,0",1015
2024-11-01,amazon,Europe,Southern Europe,"9111,0","25,07562600000001","0,0",424
2024-11-01,facebook,Europe,Southern Europe,"4432447,0","99,82728849999981","0,0",8556
2024-11-01,spotify,Europe,Southern Europe,"1089826,0","1530,8243495000006","0,0",4765
2024-11-01,youtube,Europe,Southern Europe,"373473,0","185,6776820000001","0,0",3551
2024-11-01,facebook,Africa,Western Africa,"2179561,0","0,757516999999999","0,0",2351
2024-11-01,spotify,Africa,Western Africa,"474011,0","5,047692000000002","0,0",692
2024-11-01,youtube,Africa,Western Africa,"210571,0","8,3218485","0,0",895
2024-11-01,facebook,Asia,Western Asia,"2071858,0","3,0481439999999926","0,0",4858
2024-11-01,spotify,Asia,Western Asia,"77950,0","30,112976500000013","0,0",1663
2024-11-01,youtube,Asia,Western Asia,"268878,0","48,50923500000001","0,0",2067
2024-11-01,amazon,Europe,Western Europe,"5105,0","9,067151999999997","0,0",377
2024-11-01,facebook,Europe,Western Europe,"1968384,0","31,230597500000016","0,0",7083
2024-11-01,spotify,Europe,Western Europe,"412366,0","434,56005150000016","0,0",4589
2024-11-01,youtube,Europe,Western Europe,"357704,0","261,06510949999995","0,0",3452
2024-11-01,youtube,Polar,,"3,0","0,0","0,0",2
2024-11-01,facebook,,,"14672,0","3,0312105000000056","0,0",3974
2024-11-01,youtube,,,"9203,0","0,0","0,0",96
2024-12-01,youtube,Oceania,Australia and New Zealand,"22274,0","59,24303950000001","0,0",824
2024-12-01,youtube,Americas,Caribbean,"742443,0","19,3173865","0,0",1337
2024-12-01,youtube,Americas,Central America,"1673813,0","394,06561550000026","0,0",4191
2024-12-01,youtube,Asia,Central Asia,"75323,0","11,320820000000001","0,0",483
2024-12-01,youtube,Africa,Eastern Africa,"321310,0","13,638567499999997","0,0",774
2024-12-01,youtube,Asia,Eastern Asia,"23249,0","38,855856","0,0",1110
2024-12-01,youtube,Europe,Eastern Europe,"369549,0","82,85170549999997","0,0",3172
2024-12-01,youtube,Oceania,Melanesia,"80564,0","2,2231155","0,0",143
2024-12-01,youtube,Oceania,Micronesia,"132,0","0,0491625","0,0",42
2024-12-01,youtube,Africa,Middle Africa,"31423,0","0,0","0,0",330
2024-12-01,youtube,Africa,Northern Africa,"82972,0","2,0920685","0,0",645
2024-12-01,youtube,Americas,Northern America,"936621,0","1936,4765825","0,0",4180
2024-12-01,youtube,Europe,Northern Europe,"103212,0","163,44292599999997","0,0",2579
2024-12-01,youtube,Oceania,Polynesia,"280,0","0,1264825","0,0",69
2024-12-01,youtube,Americas,South America,"5311795,0","997,4449379999996","0,0",12679
2024-12-01,youtube,Asia,South-Eastern Asia,"75455,0","42,49938449999998","0,0",1481
2024-12-01,youtube,Africa,Southern Africa,"27264,0","7,479934500000001","0,0",530
2024-12-01,youtube,Asia,Southern Asia,"40134,0","4,118943","0,0",1023
2024-12-01,youtube,Europe,Southern Europe,"194160,0","70,66259249999997","0,0",3712
2024-12-01,youtube,Africa,Western Africa,"104596,0","3,285444","0,0",717
2024-12-01,youtube,Asia,Western Asia,"396118,0","109,67799300000003","0,0",2004
2024-12-01,youtube,Europe,Western Europe,"168164,0","187,268025","0,0",3474
2024-12-01,youtube,Polar,,"2,0","0,0","0,0",1
2024-12-01,youtube,,,"1651,0","0,0","0,0",72
